address,balance,
MAN.1111111111111111111B8,81686556.199088761498424994,
MAN.12cUHUj2nEesvbF45214vs9ES2z7,0.00000375549161055,
MAN.1DguJs6ok2BN5WAHVa3NKjGAyhHU,118.48637176,
MAN.1FRtffWYxkapVT3fLmZYTMEYc4w2,0.000043234270892772,
MAN.1KhzABeiJYvQDrd5LUxybsKggHEj,1385.96798,
MAN.1NitrXXAs7KWbm41MU7iQxHCJmtE,0.000099999995181723,
MAN.1SQyQw6UmjCfFmqpGJK7SgWqCTMF,1.998825392,
MAN.1bH1GMywMuinLVHj3s5G4f4x4xTJ,0,
MAN.1dpvmQ3KFYhdqZZJtT6PYUffnU2C,0.000000000000473624,
MAN.1eTgDDNwzVaEWN5zGbzdjKdKCM2H,287.11449676,
MAN.1iyY1CnUM1KDnXZcHbCDeRgvYpq6,30000,
MAN.26af6f7oP5aRyYwhPg97V8X3hSoB,18.38324676,
MAN.27H88SwyRp5A1mBFKppVScHUdjW4,44031.755335416,
MAN.2VAv4mdbutvZoQ4jHTo9zqJSgBHA,142.8,
MAN.2VeMPY6oizVuLYoAk36No2ZPUT6c,88.99849376,
MAN.2exb6BdnVcJJdovbA5q8mVk8U9ST,112.659444452342437182,
MAN.2h2XjdFbGfDRiHUVNGhcZudQKLXP,0.000000000005964459,
MAN.3AeDSk1MpQKZ12muFPJdNLCVpx13,0.001,
MAN.3J5yiU7Ks3RpB2HYAmJkNQ5ViXBQ,7.277765109629769118,
MAN.3t3Wck6NNspXU9kP3ZU9EGxgVwQ8,10411.540683735173171429,
MAN.4CrdBttwAv4cveJSRq59ofTDBfuK,0.000299999996743588,
MAN.4EdnfyPk4iqHSbqAT3NzP49b8LJC,589,
MAN.4JBhKmL7KebvX1iEKqXnsavMkYkA,0,
MAN.4SCRQSZBaraTtDoFoCzJE6wZTQwB,10.885,
MAN.4TMSBSM6KRdxT4hsQ2zz41LjPjNY,161.840597704703177755,
MAN.4TY2uCnzjbZB3KFRvYgbsQhrXy6G,4143.224892373760319339,
MAN.4bJzXVRNyo8XdoRkPFBruCUnZdfo,95.541395710839590227,
MAN.4cWdQKn5L6uhdUjvVWj9PVfQ5vJU,22579.769347194301736459,
MAN.4dUSB6zBRGQdVNTC9FG6dAQ8gfA7,10.722466557,
MAN.4r8inCgYcoBkN7t8jVd6kut8tjz3,5294,
MAN.5Bua7F1mVenRqw8KArgjF7VB3yzA,5449.9426951,
MAN.5JyRTvPacmSRQ2rex6jSNCUWg4Rj,27.10512176,
MAN.5aG5ojRXX6gon16W1GHmt5ozR4Ld,6869.28,
MAN.66Vrqv5pbxCKq1UhEY9q8jC3sCPX,7061.14586259,
MAN.6L2DLyV25fFYmLmwxHwTYHrTh1H6,1066.93,
MAN.6P6m58nJpRMy3dn18quqxeWN66Ej,404,
MAN.6WnV2ysdr7wKXgaYPc46W129oiT6,2968.12189339702,
MAN.6apcFYQbYZhwLZz3bb4Tjfkg4myJ,8754.551304034663141282,
MAN.6i3SBJj7thR64U52wZH5fbL96Sef,1267.0077100679766365,
MAN.6ivJM4LRBJGaHkEYhsREQfohpApx,12322.05821310006556342,
MAN.6nPFQSGXjJ4DtE7WE5gG1kX8ZZma,117.48637176,
MAN.6qf2ZA5tqf6fJBenxTnirZxDwak6,0.369610224187431154,
MAN.7Hrds48CvyQGZ2QrEssrMEDW6KqF,793.073473424808932233,
MAN.7QysHEoK2FzQktnxnqFLadvpgwyb,60,
MAN.7ea2SWxzXcgAWJf6YKaQg7y3q7vd,839.94908398,
MAN.7kop1CpKSSMCZpyGVgwYoYPZ4GtZ,2000.21936588,
MAN.7op8rHkFH2vHErfEpUYJiayLqmVA,31880,
MAN.7rD8TzXU8uUUSTx1oFuPiRHtag5A,852,
MAN.7vzns3LuN7ZW8TxNmjDMoQRa23Ms,8796.796898438372207582,
MAN.82ZbkuD2nZy1BFvCej8eRWSbJqmE,8635.907377158094961419,
MAN.8YoxUb7fHBSvnYVshapMF82GW8iw,161.554119912,
MAN.8Z2Je7pDvvovPXX5xDeDQ9JjxyAC,8,
MAN.8ZvadqXteTo55e9wTwTF1U2sgoct,173.3437,
MAN.8atdXU4tUd14eqxYQA4BhwjvkqJD,181.314422342919772564,
MAN.8beYDEinJRaM7e2z97L5hUqvrHUV,410.10512176,
MAN.9apbaBH6N1SKLqdfHR7EtqUXiFvn,114.851997912,
MAN.9gUFwVV3C4VVAsaguNjVavjFZvr1,1.17857161028175594,
MAN.9xJQt6mRmDW3XxNeXtsh8JxEp2F1,20422.455650550390505629,
MAN.AXpXnae3cxXapDzpo2NxQqr1d6WG,0,
MAN.Acr1rfrbv4mP1TvahdiTiw3XtFM7,886971.224708,
MAN.Ad1tii3ZjnEn2N54r1DmdkuPKgHH,10,
MAN.AnfPrBVJ3nnx4eRoZ1jwzSR9ZAJa,0,
MAN.B5u1XSXCfbhbDg46r672nBTn9Eop,5489.79425828,
MAN.B8UNVqsEhLdmuYNYSqQ3req7PRez,19262.31586774856336468,
MAN.B9i9iLnsjemDdTyFfz1WzLfaHTQa,50,
MAN.BNhM732KQKdeuV6su9ZhaiFjghQM,22.90474376,
MAN.BYsSpHhEpUYEHcAASYzVzqScWFgW,438.271889421764620744,
MAN.BnQD1GggrFYYojGJHLCvEd4jkrCi,57.88637176,
MAN.C7jAdUKeJ2gxdmun5Rw1wGjfeYVt,775.6447768,
MAN.C9Q1uG3yXd62sHe9UmRQM3jpAUwC,404.409962359485928316,
MAN.CAva2TiUzMKFeiTWwKn2RfjZjfvc,20,
MAN.Cg4q7HDQK7hAAyPbV8ktjdetiadr,70.60824676,
MAN.Cu49sRKme1s93oRk7co6jCrYyKQb,1038.74887176,
MAN.CzvQ45Ttko4pemM1Jj3P9DwVwf23,1,
MAN.D6CCnUkcsSdbYK6DNgnrv7VssmBE,3683.129180772455837161,
MAN.DCjNSJK68JD65s1UX5MaG2EfB7LK,2783,
MAN.DGJmo3hV3XUkM1RP6bnmeFYz3sZ5,172.615390624,
MAN.DGrmKYV21TU9C1ZAaWQ6knxZcACJ,791.966123598682015845,
MAN.DHuBfnd4Et7HFGeE88Dq5S5aekDg,3244.84469233,
MAN.DJMnZCxxiPcgNxHccvqVtNZM7obo,513.25084314,
MAN.DfLAXStH7U5atvRFwaR9fRN9JkJN,0.000400000000989448,
MAN.DjrhRENPoQAh3ppnzuPE4nvzYBnH,10.45649132,
MAN.EVxNQdYkLw22ZTAzAFa7si4wUNpq,11,
MAN.EZZh88N8pHN5jSTqVda92m1a4Y2u,180.976578696,
MAN.Endii3m2K2DUQnfVvYDjS5UvFQE9,4004.135,
MAN.Ex996tqZhSbRZnksGGAN3c3GmKbz,58.28637176,
MAN.F6uwryHdW477JcRYfCtsVfifMHqJ,955.409133798020896042,
MAN.F7XekanQuyQrf1knTQy6t233JMuF,1750,
MAN.FC1qooaNwMkmmWBVUGQZMpXv3BgN,1099.257830826309741546,
MAN.FDGoKPEKkA7i9GxrBnH6JgLX2tW6,598.07387176,
MAN.FPA8Ht2GoGDfo32EC9pZoUdzYYCN,3078.610430772455837161,
MAN.Fk9FAQA4euhvmtbMyeWtT6pmRqt3,129.66961852,
MAN.FuUGYrnWYBcWsqmHaa49h5ZZdcN5,1004.98243429,
MAN.GgeB1vyXyAZ5uqVpCw21dsvgGAaC,0,
MAN.GxUwA1cGHMku9CibP7FbHq52NF5j,1519.12,
MAN.GxiYkkrY7Y67ENjSrEiMtxJdsYh1,10229.0682,
MAN.H1XJZSKsLr168UVVM2nHou7cTkbR,11,
MAN.HW5aYgT2MqWD7aKFfquURRmzqX9o,5,
MAN.HWVt99qFU9w1f21rJGPamcb9jUyC,10103.492743638749819112,
MAN.HZgmCxn8C5G41j1SbnwVSNyB5eA1,28.74460828379770798,
MAN.HeMGmWdppBmxtZhSLXNdCGLxwyZM,4000,
MAN.Hu6agJFecEhScZaQLdHhKU9sSPXh,4.050403396099942774,
MAN.HziSPuCsuKZ3eNn7DXboPV4H7gBQ,119.57349376,
MAN.J118hWJFHu62NWcBVK1wmhBmzRs6,12129.653299410414451592,
MAN.J8b9jMpXhiT8PzXEUjW8LLy2G4Ba,3539,
MAN.JBVZ1uvr3mdGABRJhFQbofLrPzAq,11,
MAN.JGoTi1vEZDyyaftd6RH1XG4y4d9a,0,
MAN.JfVVFyiUqbvqPZA7unftJkacQuUF,732.503015182964453213,
MAN.JuwvXPz2zcS7RVr4WVFbQuiog9wN,10,
MAN.Jzo7koG1mAQXBrp9PP1npbgKv4AU,25809.308731851769763747,
MAN.K23T37odGgP14fvd9N9dN3YuQBcg,1.319626542468952385,
MAN.K4WdkkBCMnzQc5bHJfmN95yYouA5,109,
MAN.KCV8Cn8MhBJHQKSdZ9oPRqeYfF9E,0.00495270587612021,
MAN.KHBM9ycJ76fxCkQMsEtWFPwmHsUq,11,
MAN.KLL1REt1Wur233UBKCVP2dhNBQ48,10057.675549940985784119,
MAN.KeCgKVxuBVDXYak7Qz78JHeFnPoa,23310.417070085510638114,
MAN.KgndWpcz59yXmcufrcz5JT1Ei516,10282.57214676,
MAN.KkiqCyF5vb1VpA6VH26RtYteQ3LZ,22630.549789943301129871,
MAN.Krm3B7Swx8dHFQaM7BcnowNU4rfv,142.561057209014,
MAN.L8r9NgnWUCD8qWFHvbhwv8e5NvJ5,11,
MAN.LAzQYMCRv7a8Y7x2KHdaxue91VpM,0,
MAN.LBibCK91ioph3peBCGJQWBCdB5Bi,1288.475824962108232679,
MAN.LHFcLtyZXdoyrXVpjV1dr7DgKWxj,7957.575385194445911442,
MAN.La9BJ4Nk5gbQc5L6affYgwyTqdde,0,
MAN.LmeRNhioTeVhW1sgJ7Tz8eG14Fhr,10100,
MAN.LrZjH8LCZrqvn8gc1iDiReL1aXNV,42.26520512,
MAN.MCZ61GW2JrQ5njrC9V67SR4t6T61,224.59299743,
MAN.MDdokjD6yMr9gcfRzQZk2o97NXP5,100,
MAN.MFngG2wfWF47hR9FE19G9RcRyvXV,1051.821609377257,
MAN.MWqv2WThYmWdqk3Z1tPJw8swisYV,10.80465,
MAN.MYd5wi5wJ5Nv7qwmeNeTqy3UCiYQ,64647.18452,
MAN.MbHMKZ8zq9oJuWvctgf7B1RBmQWy,753.4543,
MAN.MipcwexM6XQopp5YFj6hQjXsa8FS,10.88564325,
MAN.MzvMAS3LXj4uppQbUeLWv5M4zJCr,149.17387176,
MAN.NPfH3XxHbGgAGcc8zE3u8TMHWbAg,0.381191000001583291,
MAN.NPhGcyFg36rfS5BAResktBYEkxup,216.5151,
MAN.NV8MqAntgxaQTWvkCWXLTMSAB6To,0.999622,
MAN.Nh78TUHxEUFrXvCcjz9vz8iWcqLX,3024,
MAN.NiDYEBvLYfUzTjNYqekxGoqzFLbm,20050,
MAN.NmTPbmpa7it8fPYANQ5o8guSbVDj,168.386354936362956139,
MAN.P41giFh69cLFFTCBc3DNEnaxCqoL,10.86442,
MAN.P6R629FpBGKDVQGXuiZp1y8ipEHT,904.929622,
MAN.PCu3WWr98de17ReoyuR6JeCHHP7K,0,
MAN.PEbibUWzTgL1tEFdLmqujf9Xn3S8,148999999.998866,
MAN.PNwFRkHuamUfmMHzwuYR6isLL9qr,756.645859484902281726,
MAN.PexCpFk11fNyS81HrBC2azV5k8sa,11042.4608,
MAN.PjXkPtC1XjMc7AwasQs38qWpVHha,16414.907754,
MAN.PwvnCcWowDRaVAY1TaVTddTqBahu,184.13949676,
MAN.Q9wmQrMzdRtf6jKjZt1KXk9cRbv4,7495.19164032,
MAN.QLybzxCdkTiz1WgJJ3MCAoG3jwHm,231.63482596,
MAN.QMJnMFXQXjHTrB59BdSXD3nX7m8K,10.665974,
MAN.QQK2npg7J6LuwdhdHnEBaNEa2ngT,10,
MAN.QQNRPfsag1VqabAD4XZvomFH7L2d,143.89574676,
MAN.QSvU46ibyX6zJpccDdG3WtgQA25D,134.793585068312572626,
MAN.QTeK6Nhjzv7XdNc8Ectmm84byaUP,0.009999999999540585,
MAN.QdSfa9FUQv2JHWqgEb7C2g1EozvJ,0.002644,
MAN.QiZFj1mqGnY4JmXqutFrDBjctYz7,2,
MAN.QkSkMXbJbACZasG6zJ8LVap3PCzE,11,
MAN.RSxWgetdvooNbRZZAnQXb8ZkThwT,10129.555332380415886148,
MAN.RV8dtbBGJZ2Wr91y6JgaCDqpTFrn,4.003222,
MAN.RjYJozn3TH5Wsasyo22rGKEUJjh5,180.204967786517641997,
MAN.RmTRAM3YwQztXSCdk5y1BdSjViwc,168,
MAN.Ru5Ua9jbK8i6UXbSLYyVpyZqLYUf,4276.010877201027265987,
MAN.RyhSbV2QFtqVPSq1y44M4uGQGamH,10.83,
MAN.S1LLJcLoRDMmhDWVdLBZp3G3EhEF,549.67500149,
MAN.SNpAzrAVnbRR4MpTW8uG7yxtwDg1,184.964510257006957193,
MAN.SRAix3vbwSSEyFyLMuPkHw5ZmRD4,0,
MAN.SdF7ZwHnkhBqntT6u4rEq3cUDFKz,13657.690985201067824289,
MAN.SegvnfcL2cnvjepfAMgfu8qZSwdK,147.97387176,
MAN.Sf4Lz1YNmAbRMdd8jXBKqQmbhsXC,98.99887176,
MAN.SfYt9EYYvPsoGYqddUNhubRCXkdx,21834.840373,
MAN.SsnTi8u3UFdp1eo2mX1iQo6PkGj2,1706.319999999992522825,
MAN.TkKnz1FFy81a37SVBE9LNPnCwf5U,10,
MAN.UdnAUp2w2e3d8VyyDjjLsFheSe9Y,3155.628401,
MAN.UgcvoSTfdBmD4a4zwP8dcX81ABJP,137.781429737370002052,
MAN.UosZ9kte3imRvTRuSALuGqrRbJnm,37631.2398776,
MAN.UusRMTUxoDpYv4R5jwJtTcguQz2j,29.6912338,
MAN.V1U5K5AJRgbYnGyxNNUqg46iiy1Q,0.999622,
MAN.V7CNTMeVPvQjbduTWYFRFAqjUS4S,0,
MAN.VXwVCaJyErgMDDgCBzCXKySxYMSK,147.595767135510088432,
MAN.VaQYoBJUxz6CLxf2njpxioRiztBx,100537.369732,
MAN.VrsyonDJow9pKHpWyhXTX7y7aeoh,48.84643276,
MAN.VsymM6KgECSuBRtSY3WPgw8NLEi7,81854.681405492668447883,
MAN.W4PvL8RZqgnF2sEwqL24PJXWemg4,182.14273426,
MAN.W5bpZ2Qfgh3WgxpHKGzCJGdEsFgc,55.88637176,
MAN.WJnuUebSg1tHZ6tGLvpwW18M1imr,4149.535636816411881463,
MAN.WXuj3udqvfX81LBGcXury2T7R8Bb,7,
MAN.WpWmXJ7nRdacqJBLq8ie2M8xKRCX,10.5546135945,
MAN.Wpw9FAG3W93Coap4b9sKqRcdT42q,0,
MAN.X7PZZSAcbFZPTwTg2tjyT5bubwh5,10846.57472578,
MAN.XdFCWZvEmJ43HXb8uL7cc7Qb2wjU,335528.77872474,
MAN.Y8gVq5vgJwrkDqeA4LS8RdASL5YR,5,
MAN.YTcymtVPpnu5dmeZm1WjCW5umKwD,10000,
MAN.YhA79fvikYK3pfT1xKbtgpfHHSgS,1,
MAN.YhMY3HQtdz7Kbf9Xjw2E93HVkmQM,273.332478806433640446,
MAN.YqMA57REqorrwJxL9tDA8ATY5NeF,5,
MAN.Z257UnXgn2mJ4ZHYfhrpmRi2XGC7,1,
MAN.Z5VUXVoZ5sP2UsTEkseyPiZ2DWpS,101049.319265864,
MAN.Z5oeqRDJjuifCtQhWsTxZNo4hmF2,20435.81083236,
MAN.ZcYTLMHfTGrM5cE6gJBeAm7j1kf1,100,
MAN.ZzicEJSuu868pznYBAwKLR7r9T2W,2860,
MAN.aNnrgEw16A2yKqZKG15NeJVR8Vgg,103.26024352,
MAN.aoNJCwFd7roJb5nCNNvsMW6dyCPv,310.67074676,
MAN.arZ9hyRJpK5TNdqMDYQKpq7bZ6uT,2742.266711460274901351,
MAN.bHoRf5UnuApu19uGmwuTxCbPrHB8,209.3184,
MAN.bgjQCrXmNDgYPTFQEX6oLyRjaQE8,0.000714826786543321,
MAN.cBiFam6LqGmFEdWUKTdz9sWP9VwE,7148.3630188,
MAN.cJn8joBwhV18F3Lo9J4RQ3yUUz2g,10289.59313776,
MAN.cV4hMEMck6kdhAWVJVUvV9WDDQ6A,3,
MAN.cWUQriT4TGMUQqDF3cocUrzQE5zC,235,
MAN.cZc3DnN7sc1mHHhjVGWNocwAb8Fc,282.662981000000141065,
MAN.dZGutEwEnUVVmkSrfzQnYcn6zqaA,0,
MAN.dei5Cb23sPRg3cQ24gPpeNwKaGb8,4733.147930772455837161,
MAN.dgMqRxLSXFxgXdUFTeUUeGZH2VP2,0,
MAN.dkFzYfAcCcfVLPQwJoZHdk55v1Gq,0.008866,
MAN.eCfRycHaXyxxX7BDPx2y13N6T7ps,34552.679406110926609824,
MAN.ekk8hatS8Gaxe1NKXRWK4cLQzdKw,10502.060462524777255646,
MAN.enmeKCq3UoEh2KU22kXeFAz8DRMY,11,
MAN.f1KXgEK6KtzE8X4544CLiRANHSmF,29732618.702523038037101106,
MAN.fPWE2SbQmPkzB7RN7eQQ2j1M1PW3,496433.263272427154133178,
MAN.fYbeuhYB6q7gWXqcCUr3zKLccgBR,98.46024352,
MAN.fmgUayuFGR4xBS4Y43VbNSxW5zJ1,1217.9586378,
MAN.fy2bcE9ihB3YYd7hWann3QHvDcaP,11347.24802,
MAN.g1j6CMUvxKLi9LrX4fCdFFN5SjgU,10.805,
MAN.g5Pb8RyLwa12sspHEwprBGanmbZE,0.000000003778468963,
MAN.gAVdVEgGmdA9YhdPf4cJMYhyxUAb,68106.067,
MAN.gLthom3MJEsHH2vLCvWprwHUfDSy,1,
MAN.gNKtxtSvDiADe92zpUhk14QGYMnd,10.164349725,
MAN.gnStnAq7SKNYwagaZmtYY3T2nnaD,304.84147675554526846,
MAN.gogpdDTvT9q6ff17fpA8vEeHKzqq,0.0004,
MAN.gw7HoXgR4soJ5VYkYfTJTj66GD6m,59465.945032678304885062,
MAN.h9MZgqwq7MsEd2nUXAG2VPT1dUFW,0,
MAN.hWAypaWkr6TrKKSFZJbwPqM65qyT,0.0003,
MAN.hbiwpCW9hvwozaKKcVxhDzbWAXdi,8695.933974729045934844,
MAN.hjUV87Wr5Z6F4c6RKBM6ZHx2d35W,15194.9748,
MAN.hk73ifDHuA3WfdXZEeebPgLggeKA,100002.022825539101015863,
MAN.hoPLnPAyifkmfCdpKuamKgh5ScNR,0.848344980052260457,
MAN.i2EWY1KL3ranyhTCX8kkpRAhGgPR,10108.54688577,
MAN.idHY9Mntfyocfbco8RJgao4ntYPc,5146,
MAN.ieysFhE6FXrGQpL7jGHBUGzawRVD,3999.526261816411881463,
MAN.ijwpmqHSwgQSvF6EShrkr3LBc513,447.59,
MAN.ir7M6LVj6MwukT4mJa3SYyBdh4Ca,4354.029627201027265987,
MAN.irtj4qn29eWYNUwcpC3KbzLzEtMH,0.236486808,
MAN.jFiS3JPe3HWwvvUduPhd7E9RtKbu,0,
MAN.jG81eS56k7zFCD63SK35kSKhzcoh,0,
MAN.jGuTZ2DbZ3bSvbpVqb2n7FLAXTU4,7218.588426476037127228,
MAN.jmZGuGv3kt8bDAj9ffdEXhHpUQEb,10604.9666,
MAN.jsNKuxkhy2nGuR8g3PKhwa2jhkyk,892952.39153714,
MAN.kHoyDYDv1yzGP4Qbnq8xSRuSmthA,5238,
MAN.kMaqq9ofRp1Y1fA1EqarDJoCUAqc,23304.350510864281830191,
MAN.kSoPMQTqaqcQ3V5KhvfJZLkt7zq7,2337.851,
MAN.kV2ekq46AYCH4KeCV9r9uUsPLDMz,319.98570235414267842,
MAN.kYng7GRHAZJUPdxRnRWYJbHfds1a,1177.102301573350553139,
MAN.knxHRQJrjEgXuC8pdd9ardnmWqix,374.9741,
MAN.kuP4wtuqPX9vVu3uy7eECCdsNv7D,11,
MAN.kuf1aevuFXDTs6pgm3aYzi6dwEPP,99,
MAN.mBPDkHa8bj8dLwJrkXowNERRmPCf,26474.999244,
MAN.mE7Aq6EGw2iZCANFvNGa8Q1Z36ic,5728.065862953534600632,
MAN.mHe3MffdmuBtCC9BLDKDvp7vKoJE,267.42699676,
MAN.mM4oCmqGsb5A6Jw42y7qv64tFRKM,5421.96025035,
MAN.mVnuQWLBdEP8q3wpUkZdgsn485hB,150999949.995842,
MAN.mXXnVwZzsLEa8cYrFb5SqameNbe2,173.3086,
MAN.mYw7uY6EpQAy6KbW7jhpTC8stfky,41.96449676,
MAN.mz4g24awNBPNe6y55sDAyNmWM6S1,28104.58,
MAN.n35wpNgWNMEb1UvioTqotfxcvrtV,13774.560755033013379781,
MAN.n7L4rBNxtrphAQYw2ceVdPpP4BRJ,4927.999622,
MAN.nBg5v1tDf1mVD8f3sSdCYkGG4AFJ,32560.4304861,
MAN.nM5tHWDv7F3oEkMyWbz5HqhXG8dt,654.51649676,
MAN.npmYt5dxQNiSskjrjv98mGMifxqS,0,
MAN.nz3YMXmFTjFSRJyuGRoG7qdRfdjX,2569.28744111,
MAN.o2wSr5AdemwnPkn31oNUSvk2EowZ,996.632288974285897242,
MAN.o6rA8xbeb9QNm1xWifXhtmVgks5h,169074.367271201691231809,
MAN.oHbnZeBtvEYckSHc2KqFq7k8duuo,790.771965838696815014,
MAN.oNuXRV9XNSQ77bvrcQRiDLJEHja6,430.242028318877223394,
MAN.oQdYt1Sow8uyDpCn15fNzh6hG7HG,3030,
MAN.oS3fPzk1JiERaUBP7GxrGrMrLzn3,1840.902073525256022629,
MAN.oSEKTTyzHHrGFioREpx7wHNfj2Fa,7911.594021790778728865,
MAN.oTY6tSKuvxJz2GPkYVDZ97T9JgA6,0,
MAN.okN4iSA596ZPfsvUANub3goirPJu,279.649751562153585821,
MAN.p93Ygfrds4VSLwTNxM34cHdxR5wz,1000,
MAN.poQMND8eJ15ffPnapCUZvZyKveNw,109.724815970876909181,
MAN.pwh1BySLdi5uyvzCYyQAkLeg9yq1,327.577083167923080587,
MAN.q1rKzCBLCa3bjMoogwEd9iLY2iDA,11,
MAN.q5ZecrNgsgxKRXihwW75m46J3m5f,20.2687,
MAN.q6kP5iJAfoZJqmj1Z7gg2RjvSEX7,5900,
MAN.qDeKNo4JbPy42ovu3a6RQiMsma31,8.9,
MAN.qRdoLDpTrmVWbtt7uKzaqBH6CfjY,512.2137408,
MAN.qSWFQXfdfbxBFhCoWy2Z9roY1nq6,762,
MAN.r6pRckzpHkBtBJrCfgUB84hfAgmE,65.172251614992403647,
MAN.rAqic9Gh4726jyUH8kvTKzGsmPjk,11,
MAN.rNG4ZRARstjKAEaBg6iSZmtMf9RP,0,
MAN.raSjb4KRc1vQooxQYGNq63ZjCes6,2041.55,
MAN.rgwL8H2LZThsyxRY59jHfrYbxzdg,209.133,
MAN.s7jf4pkbZdfnUaZyDL4EGZprWrHm,3480000,
MAN.s9nGkVtjU7V2vW5adSfRHiuTqVGX,710.480483213155011244,
MAN.sGj6eV3QYRisC9YzmQS1iBj4U9DA,42999.999622,
MAN.sQ9otW1mA3XRagMuUrAihVbCe8CP,11453.61762176,
MAN.soVH1ijzVXLMVTq2MX33ukr5jU4D,1533.5476,
MAN.t2MZF4BwZCHmbUhddCHN41mQpgEe,4639.102636460936607572,
MAN.t7QiaKiJQhpULJPtj2AY799WYf41,7268,
MAN.tM7pk2wFtZ7z1x4UNzUNrCS4H6i1,900,
MAN.tUVVAzUSyetDKcuLPbKnhqQDWSA9,24986,
MAN.tk9cSbYduVYHhez7rygrw57wyoju,10345.0662004,
MAN.tm8iFJkqNqfCSkmZWRbyXn7CSzEj,5080.15646565,
MAN.u4N2QX9SmVJbSxkqDW1pan9UA2vA,0,
MAN.uHZFcRH1RYgoYB2uqVZpgi9RK288,66.05249676,
MAN.uLcSHP6AUQZEAt226Vpz437kkYLs,19.999244,
MAN.uMLnn79mF3XSrHRToGF1zbdY3avG,3607.56437504,
MAN.uRJ2pTQPR665o496zbqYYX938tfb,372.32274352,
MAN.unht7pSi7zGTGSLJcTUWEMWkuKUa,10010,
MAN.urB2QFnSBCmYEgo9XJYEgPEF6nHx,0,
MAN.uyy51UGuFttryyt4cY8ixLmBhrVS,0.09887176,
MAN.vByWSDKUQQsbgFCrA2eqf1gQW9M6,175.477558202052004854,
MAN.vEaWkLBTJtPviwWudKzet7Sec1qx,0,
MAN.vY584UnmVtddjt3i71Dtpk6RM7rZ,2211.990199743223772174,
MAN.vvN7fDVreeaL8sH92evPU3Mk5bLq,777,
MAN.vvNEX2kQ8uMBxRDQj1o1JatANqYC,100001,
MAN.vvWiC6GrQbqrXwwsWeT6aMoD5xQW,106.93012176,
MAN.vwPJc1nLNC5XQxTh69FNCXJzuTzy,750,
MAN.wDwe6syunyVxrBQLKczfduTn3TVr,2717.129180772455837161,
MAN.wKhrJHNthSVasRCjj9qhmF1keqxn,10,
MAN.wZ4QEodrgESPfPWF4Kx3sW8DmEcC,25914.921704769594788918,
MAN.wgu13oc4DHVg96J4yBM5EKiwjgrd,8917.076201002513977338,
MAN.wkVJGeTe6qrLHpE8RP3taUhpMpuL,12587.246052808268014753,
MAN.woq4ps18dvLuP5z7gcbWLr29VwWm,48409.236965,
MAN.wvoxYKk8XPWRPfh6S9sKwdk3gyU8,10238.784090057263,
MAN.xPKUPpFcBvHkfcXgHtaxdXuRKWwi,5411,
MAN.xW4693kSep8uQdJ2hVg83exinC7H,100273,
MAN.xaG8KDkadVSiHWvaDUzVu5bA5ce7,668.221270206128664679,
MAN.xp9wwYosenuH5pJe7aRrwwjW6RSN,500,
MAN.yAZU12MLUJN2hy5q5udDFVhbT2Y5,2282.109674772455837161,
MAN.yK6yXpjHohWhjt3sfPG9Y21WFzfC,2718.05344,
MAN.yM7HyLifwtc8n1R7v5rcFzzkKiw1,106043.56442,
MAN.yq7tUyi42AyZieN6d7zfa1kLag3i,24852.517022007665,
MAN.ywL8UytSDszbK3rvWWwFXCfwLWNC,9651.8833372,
MAN.z4AEyYC4eCfcRCNcJY1CnicVSLZ4,7170.579076473084634534,
MAN.z8Ug7yVXpViRU4APVy1vDDb9BvHm,10.665978264,
MAN.zmq57hZg7yuME8XeciSUpnzruhaT,0,
MAN.21ZLZJo8RV19r3XH4N1EEmbedNBdj,5.776907774573704443,
MAN.21oiqMqDM8Ka2acU1Wq7bWHGat15e,107.895994,
MAN.21quro8atZLJXaW9XejqBXoaq4KKV,151210,
MAN.2262j8jVuZ5GLg8YhKV2TXnwcnoNN,26145.888622,
MAN.22FwgvfRhYs8HZtEoR1iRMTrVbByJ,8970.899291881029557972,
MAN.22aGqsfnxKehoqU3yZMhXJqSZAAx4,11,
MAN.22adu6rhUryH7Ng5BZ9AuLLPUDbfJ,1965.25551437850038032,
MAN.22dKiVmVLiWqyTgVbzvAVpFBF8jKK,271.19500099059915,
MAN.22qpbk6R5Hf3zCHdRWKy7XGb812oE,0.000299999968603038,
MAN.22rC5fwWakEKFsRensbMifQX5PLrP,306.89,
MAN.22w999veNYYRZByDUHTx6fRYx2CBZ,128.29574676,
MAN.22zfV8HCrCQQPxxSeSQYLhuDKYgYD,0,
MAN.23983gYFh8YH1ovpzKa3wpcNaRVn7,190.785360362050463665,
MAN.23BkvxgdPt1nua2q7GWx3HEU8hqVr,2.99887176,
MAN.23CvFfaz7cTRPScpfduEYZYWe6RSS,0,
MAN.23De6Ha7BMEaSHVcPzYeKPyDwDJt6,13122.904191804042426504,
MAN.23fWHuXAZJS4GWigo4vUJQy3od9K4,125.9827,
MAN.23jdvPfRwZTqwbfL8CSHMuNyb822m,8406.955803291331295382,
MAN.23yh2QS2B12aY2tRf5hm3174SAB5T,0,
MAN.24CBjisEzutc2sFPAtSqaDd1Mn7V9,0,
MAN.24XPsZ6JQpvDwN8RNm2KeyDafyx1A,10,
MAN.253ZT6RZWK28o78gqAn2HkS73mcdN,53.848088832,
MAN.25NWQ3Turv73eafyxMhMfLJQPq5J1,54793.828684,
MAN.25TCV2deCkhmnp28Ks9DBLNwFnoEt,75.8178,
MAN.25UyuFRhAx9LXxQamme1txM1bgwWB,100258.394440157123159118,
MAN.25Xuk6HgyMLhQcwuYbXcWvGS4iN9r,1106.86,
MAN.262a3dHFdjUYdPPiLfm78qfAXujAN,10169.50977073364730391,
MAN.26kchXhXypteNzkHXprYrQLEaWyzL,209.203414322046981144,
MAN.26niWyScrAsB4Qv8aRDhFch1Efq1N,3503.707752201027265987,
MAN.271gaQjzcmsRpw2LGawtwXbTCMfMe,0,
MAN.274Axoo9eMRveoW1D4iebpw84kcw3,1044.142702428705896498,
MAN.27BUZvqBy1jtuDofNeQERFZxEP1S7,22170.30106138210602442,
MAN.27Gf577K3PAXErw3om7t4K6WQdpta,103690,
MAN.27Z8XDC2K15JfnzVna4A1nyPSq35G,11,
MAN.27caLNQkginzjuCktC4ixCJU8LAxk,5,
MAN.27tNS9ciKF2EaGDqGC9qKSZeVUPWi,0,
MAN.27vmhHMQuxPy3btrEyEPt7gk1M62t,1885.488509208891024487,
MAN.28DpAXUM9GTyeCLkzKuvs83mRQxk6,3857.611,
MAN.28PPwQuaL5PSk8CxuNveHY5UYSfXR,54111.974,
MAN.28QhGjnYWU4mT6noo2ZRkox79aDod,5700,
MAN.28dGy9PPQMsS8p8xKFKRWBLgaejer,10.608564,
MAN.28j9cn1hKhLh5DLQvmoGNtQndQEbv,8229.8043909,
MAN.28wD2jELVwTMZwRK6TqbcaZjC1JR5,179544.772684929519997825,
MAN.293NaSfYhHPHYCYGwHiQKsohhztwN,0,
MAN.29HKZ5Hi2vFjfkhLzzpnYQxXiS8qn,10,
MAN.29jiBrYKPBZUrDEsL4ojLFWDKfGjQ,89.449580751397823509,
MAN.29vbCeTZuMPZiTYwwtpbqdtrUykpH,10011.10494214,
MAN.2A6FUF1t1xgm3JqF5TU66SQ9bRJKH,550,
MAN.2AAzFim59ACJnrrTnt78Vi2RzLKqP,10,
MAN.2APb4eWW8Aoo8UXm4qHtKQS6UJnry,37219.98596904,
MAN.2AXDLP6XJVNxzAUnuMnCEDnjNjAoj,3409.183581404007978862,
MAN.2AXxytU2rcLPFkPnFmZsdEhHAr4dw,158.5472,
MAN.2AhY1BzcGunE3DyJ5PLkfPuEcXdXa,42076.106149184199235901,
MAN.2BL88Su8RibGgG8YuVVynpHSbWtCj,8696,
MAN.2BNXHrufgUBb767KP4B3taNYHaV9i,306.423,
MAN.2BeGuRL52AtpyMn96A6wBKQBUuMn5,0.000399999999199249,
MAN.2Bk1LX9J4K9UVvdhbgkuvvbQJDfGT,733.336622813253742647,
MAN.2Bt2U4mV7QZ5hWdXXxM4pgf2vhM1d,0.832890864,
MAN.2C2tTeT5rSp7usSZhKujimT4xMtaH,194.6565444,
MAN.2CPNyFPdbq4ntS2ReczUy9uCPQS9g,11,
MAN.2CV12z97UWNRqmg1tT9JSEcy8ML5C,5374.68,
MAN.2CYCizQXsiRXKpR9A6M8L9hxCAekV,6543.551502201027265987,
MAN.2CbyvcXC9gM8V1X3QjfHQRuCSC4MM,685.56561705133232301,
MAN.2D1ssTeEVXPTMtnirpdfMpAqY44Nq,100000.1,
MAN.2D9JzoeEMA6zaRuA9GdbX6wyufraG,13743.2248029,
MAN.2DGUZ54FnGzsxkQAKnDK7rkRi7Rr7,32844.99885232,
MAN.2DJTCKzujPXHAJQRGj1uSMLgogz29,0.99887176,
MAN.2DQfsrHPAc7EPPLYhF4k2BDGacEVK,3,
MAN.2DhbM23JHsYsmrKXa1hmeEHsSNW6f,10002,
MAN.2E314r415XfXUXdKZyHEFBgECnhGE,183,
MAN.2EE9JDedRkTKDNMSNfsJvYiApqwnc,7863.044506330602386599,
MAN.2EQr5uLDWLJsJ778Nuas4JD1Ywo3J,918.111266849460166651,
MAN.2Ea8Sq37iAnRQYB9q5aKHsWf1r6t9,0,
MAN.2Eg8dsvpausu4QhfsnoMXCwKHterX,10002,
MAN.2F8CP5xcgVCXcpbCnHfUEVcX9QTLf,0.000330306979628227,
MAN.2FB7g3PyA7cdZZLYpTDuBy55XsDJj,1,
MAN.2FGZVo8Q3NdgNgFE4i6KPGRdBbtDi,57.68637176,
MAN.2FYd82Up2ds8d89qSJiJPicFtaW46,31126.5,
MAN.2GJX51H3jmUBjs2i4fmg6Qkbn8qMN,0.000000000000000142,
MAN.2GK81t88wKwaXHU2hXfmJerjsbjcm,2180.39,
MAN.2GSsqq6odHrYKUKWoDynuSzLteYgB,1853.973126645266922751,
MAN.2GaFjDu9tQptdWZrCBLvqXzg24DRe,1.603222,
MAN.2GbBG9qgMgau6uuQ8LM8A7M9Vkv7j,175.012200677170545659,
MAN.2GexgwrV4CdtTUBXnTW8GiQ1tULKK,100.484494,
MAN.2GqaNb9o9V6EucCFsJVkDEcG8aEXR,10001,
MAN.2HBDNHFKdZYfSNriG3WF9YUuXApg6,40047,
MAN.2HReynSxfCuuwk6ciQA11KRJxzFqT,250.35274,
MAN.2HRx3UovCGfLfgJRXrTF3AHMfxg9f,653.59,
MAN.2HWqwnYLtrkVmjUKCwfs3nFkpcV1i,1235.37,
MAN.2HgnE6ewxDpBsMXRc4YM7c48TjsBm,0.004,
MAN.2J3UzAGjw5A4rNFANHdBKc8DRodEk,5058.1216,
MAN.2JJ1KuzNDAgfRRby6hfM7V256V1mD,1076.421212953035900062,
MAN.2JQjxmxiMyc59FwNrCrVHC2eNiHjR,10.9343265,
MAN.2JV23qpqmYxub5cuYUdT5CN3TwkVG,148.916242060585037362,
MAN.2JV3BZc4eKd81addmJ4vwJhEKdJ3M,282.183181279823167154,
MAN.2JYCzVu5rmf5cEM14h7zDqhn7NjZ5,11,
MAN.2JcD98A5iimUfg4Ct8rhPt4HbVszg,0,
MAN.2Jf1jmg7HxKnpPcDwt6E1oa9Z5qR9,25.72074676,
MAN.2KPG2FDmhBR9GfrWabQccSy1EoWum,9.987734248,
MAN.2KUfNRHC344SsA4rhwT8EW1t3pzir,49.999622,
MAN.2KWYGsLpFpgXyWSSQBMjZwCQo5zRJ,300248.491574733226651907,
MAN.2KnQqbjs924UjB5DZT4izpaosjP7m,158.86124786,
MAN.2KsY75q8NvPwfYtqGmg5NiNfbjWA9,10.762948562,
MAN.2LAqLSymVxacy72231T7PNmhuHRMR,1442.28949676,
MAN.2LKKs1LrBD5W3cv9jN86qNryEoawS,1938.353497802710027374,
MAN.2LVSdUQfmos4ZVWSx2gG89792aKv8,125,
MAN.2LcGDT5uTzadobDP925xDwtV5T9b9,23921.563956266210664452,
MAN.2LnzVCUTgh865V6HB1ZhvTTT3x5Fx,0.000000000000105835,
MAN.2LpR6X2PqWG8YSBfZX3pKurCezwaa,3522.278249716438824146,
MAN.2LrYy4EbhAi7Az4HdzKHbbyraMPBj,54490.308434012455837161,
MAN.2M8fdmrUvPA3exsz76MyVri6NB1Nq,22751.586493275024186025,
MAN.2MEVLcEoDK9ZUvKM355tYc5Ugt3jX,1449.43558798,
MAN.2MNRHq1DWZPNk1iQvdPFQwsbDSZdC,21018.515,
MAN.2MTbxCfKFyaMYnAHkewZjAdnc3KkH,566.303289314567082873,
MAN.2MZKVjeS5eN2jn4xf7wV92pcJZN3E,170,
MAN.2MnrnUfq63t93FvDR8CqgYJkkHYK1,20996,
MAN.2MoGdzxaQ8ksKZQfFvZtBeYnZmcXK,2000,
MAN.2MzNsikFtTuKr5tbwwNf3r7KmJTsD,218.457659728,
MAN.2NF3icFb5cMhTuqJjjmu7jwTBMEwg,4637.647174,
MAN.2NFH1JHbuACzcREj12LRSD74wpai6,6157,
MAN.2NGmt6dnFf53qgXSwwoqQB5fiEsc8,1000,
MAN.2NezEcYvp4SHE6nJWPFciRxqPCbYA,24997,
MAN.2Nx8cmwVkoewL6aDM2ga6azDf7nni,529850.7078672,
MAN.2NzSRAuDsxBoghvixoQWKKqX5oJnD,0.000000000000051055,
MAN.2PKiAEizu3FHicgRVT3M42TW8qG71,8866.674885843398789577,
MAN.2PxPTfu7QGtb5pn4LJA51ff4jPFuN,1646.93,
MAN.2Q4MbHcnxPh4HAXXRT535K5Lu3xEh,9.62,
MAN.2Q4gHGgMUNLeqLtQDqBF596tG4XKs,9107.041595823855890767,
MAN.2Q9ZVTztQszFBPLAd4z6LXG63AdLz,2,
MAN.2QJynHh256qFQsGj8Chw8iuafALe6,211.012010875944247609,
MAN.2QToLkqXN1aUoXwAhHmjdnSUk2WB2,1,
MAN.2Qd6AmzuqxZZWurukKU5zDheNsaGK,3795.783584795958050758,
MAN.2QgHHninQhj58n2jWQtxYsH9wc9uR,5,
MAN.2Qveyfs2xyA47dWshkdSRkVNQ92Pj,572.795747912,
MAN.2R1FBLsDgbXUSWFKZrhvAQ3TTZWqW,306.37699676,
MAN.2R686bRccy4nrCYfKV2ZNDCGVCB15,110.65086852,
MAN.2R6oB2dtd7W7vcStsAKVApNtLRVau,38027.941235881444795309,
MAN.2S1jcDwBx7jzqSxnogF34fJELmKuq,20710.259714043805527808,
MAN.2SBhUvFeuk83DTk6SweuZt3WzL6i6,321.159396117305690142,
MAN.2STaCCeUi3veHvLVwLYcZoMLPgA6H,2,
MAN.2Ssu4vVnkCWFRKqn7wC9c92gve765,28.04262176,
MAN.2SyZn7BtbzmMEiV3ez2GzSgQPWcYX,2341.946061719266567324,
MAN.2T7pnKNSUfNPn8hRPVCw5ForjriW3,5,
MAN.2TE9Lz9siEjeuqKw5r6B5ug3naoYk,0,
MAN.2TKLZvfz5wQCu6rWgyjaWoMeVRaHP,0,
MAN.2TzT3oiQy98jHwFdnQkwxmXbH7the,0,
MAN.2U1SyXaNcaCJbSJk1eFq3Ez564cnX,46,
MAN.2U7FkTqYKRVi83Y9KRF1zZwzRguoh,5141.580422,
MAN.2USZ9wntfRt7JcZuPN3LQSxvrjftm,23.982168605041287787,
MAN.2UT3AXUyaLS5hS4NtueLjUdFvfXCS,254.86085246,
MAN.2Uoz8g8jauMa2mtnwxrschj2qPJrE,4.990133552,
MAN.2UyTQy1L9G7q4rbPx6f8o28ShCe5s,10014.12787037,
MAN.2V3BZnqduszGB8N2jFX8xx88BPvnH,3152.592127201027265987,
MAN.2VBTGFRkVWgR61uL9dCbqeBYcdDaL,30949.958564789684647579,
MAN.2VPq1sGSAPrCVCAVQbEoyTzQLDHU2,94957.498488,
MAN.2VzcmhyfR7ksC2MLrLtvUyC6qG5Ew,0,
MAN.2W2Xb9gVs9bfQmiZ7y2VupAiDyZ8e,127.242649912041435359,
MAN.2WHwdSjKExV7ott1h1x96K9jNLqq9,0.933255187657204676,
MAN.2WauBkLj1U4GGpVv75uaFy9268pAd,12629.168730732555709499,
MAN.2WhFfFxkdbCjU4CnziaUFDwdK6NZd,29.44234213605,
MAN.2Wz4bD6ycz5kFxdTrQ2uhHTiJ2qSf,10710.395758860517049918,
MAN.2X4jQarrcrzudXZbhfESEBaR6r4u9,6,
MAN.2X4t4vfFuzfT2paR4a3CLEoVvQCCQ,666,
MAN.2XATdATPZS9jjjUtQ4ieQFhAYJE9E,132051,
MAN.2XFGaRUsXYd6Uj27B1MAhyZaacgud,0,
MAN.2XmZGXn2zLYDxbHQEeaAxuc5aKdm8,126.3027386,
MAN.2XnqKwhUQrphgqkoX4i9vgyqPjFQG,11,
MAN.2YC1FJZPRuDP2jyuurNXD6UkLgBbB,593.696693839805630287,
MAN.2YHq8cSUxffBnRXagSmQrQbB67mak,388.19787665,
MAN.2YKhrPK92TY7FeV2VnJT6ns7xdsTL,42134.530123211324889587,
MAN.2YXJPA2JA6wD3UB4sD8PqbYsNEWEt,13679.182044,
MAN.2YhzZgG39Xba6i8iUjP856kvBf44C,507.55161876,
MAN.2YiqqJH2exRVp6dsdVzPpyZsCUeB6,0,
MAN.2Yzdn7vgf5AozR3kzWBZA3SdUy2LN,0.999244,
MAN.2ZCdg3vrkhBtsBhmeQ6GUusiBkHAw,11,
MAN.2ZEThmRHpSJZNT4BoWEfrPw2dWsVB,677.002772064939135736,
MAN.2ZPjCLTpBhtwAEQ2W8p8EaaFY64iL,3716,
MAN.2ZSH7UEVQGdAgcgzT4CSuJ4D19kPQ,383.94,
MAN.2ZZZsGGWRtrnMVPRyRkxNEWKyMzCQ,0.99887176,
MAN.2ZsGCTmqoFd68mBbvq92DAH6CT8u1,0.099622,
MAN.2a2ARM6T3ix7AkTDN6VgoZRp4BHtE,303426.814,
MAN.2a7uNUZyFC79MELGRS2wyQHeZCKcK,4083.406355100655123795,
MAN.2aAVwapsZ4drNmY3k2SkKruaL31Gx,43518.474799717730419589,
MAN.2aHQyvxGntnPgi5kY7auT7Wqv1bub,25229.0101242,
MAN.2aZu7eamM4scw8C5z3WjebLxv1UaZ,0,
MAN.2atXBEjuoJ7KL9hTLUNNGJQuhB9RN,20026,
MAN.2atcf1ckWS3S6CKRXnkz4w5KCPBSG,0,
MAN.2azMzuDWNbyp8XLMs7bU9wz5VddQX,14023.157866,
MAN.2b17GVHkMEaFJEkAqWBrLfFB3k1uF,1.986638461564334845,
MAN.2bLEgZ1yreyEvGiARxB8nZoTYLg8Z,229.36827733894622723,
MAN.2bRwTxi9PMqJXMeYdpXZ9SBfzekM3,40222,
MAN.2bTKbpTJi8R8A6extgGC9PBs8FdQ5,10,
MAN.2bXQ3VR3iFzsbsh1gjDhB5JEjqa1g,95.912984759994,
MAN.2bcVJf4xzQyrYRxGSvd5wPJyYKdmi,100001,
MAN.2brZ5GkiztH7T7DhPCdTVMxSsgyUx,10,
MAN.2c8TEhLX4abBRHF6nxu5UqRK9TzUC,10239.79011415,
MAN.2chkJQxJdZwJLssciCL8V7Qiu5RDb,3080,
MAN.2cr2dLoiYTQopNgHGpXi4R7RUHQSb,6079.66443028,
MAN.2czN2xkT661ihrf4genmQArZQFh3Z,10,
MAN.2d7xgxfx9AbqEt8y3pBNJETtLuXAg,100001,
MAN.2d9h17VT8d6LWN43uKHoEMK9sycsY,100136.6331231,
MAN.2dDJ3qKzap6kJxnUurpSYXFVmrk35,10,
MAN.2ddUhvmX7sh1HrjVWx6VUsWgn1YBZ,369.17387176,
MAN.2e6TREBV4Km5J4gxiM4kJjNykMsgV,0.000377999999548523,
MAN.2e8k1nFBhbJ2Ue6DpwYD3aYFdSXga,2523,
MAN.2eAET2cXNAyFAjLpMeiw2caTFAguJ,197.27058386,
MAN.2eBZr492LkdhFA1VKA6iZNsetyQfy,247.83274542471832,
MAN.2eD7vk7n9cYTC9TAAZpTs9MrtgGmZ,101141.18060002062,
MAN.2eFxAWaXkFpzzJCkL5twFcBFPqpkG,5.998840296,
MAN.2eYdif3eiA3Zwn1At9kEtR7NavfTk,12206.44669204,
MAN.2eaCk6m4t5iKsgAR8BLUSRNWNp8Q5,211.870479377058924022,
MAN.2efR9NgyzR1LA2YrSLkSYrcaEeoN2,100,
MAN.2ehSHQJctzLjHBF9p3yQUYbRLAbhv,2941.18,
MAN.2f6mrLLCfUMx7jupSN4RnSNGLCND5,50,
MAN.2fQMXsQbBgaWWFpDMUuXft1P1YAeB,13710.29787878,
MAN.2fbnBgN1EQVuaUa1BHpTUmAtqUvrS,12918,
MAN.2fmR8Fg8RKLySTdr2R9dYZfShjWxx,159,
MAN.2fuAn5D4m7SuEm94RMSAgkAcedDT9,1013.09114003,
MAN.2g6s8diqmiHNCTLrz1E7zSvoR3fCN,5,
MAN.2g8wpCeKoNSp35xdyJrTCWL128Gh2,1334.2308742,
MAN.2gg3ULYMk6LcrHvui58gs32dn7RyS,26066.692387659653064562,
MAN.2gxt72chDvercVmz69SRMsw9rxHq4,481.203818276141194321,
MAN.2h23ExZ2r5BhbRn4vDddbZ4RPr7Cd,9422.840145867890034284,
MAN.2hHbpxqcXYHyJjhP3h3rZh9fY3B6P,15311.18152097,
MAN.2hR62N6o7gp2mtq2YkqRF75d52qFD,121,
MAN.2hXvySNapfFdsayBwuC6FodEEKrQc,10131.980504847662821364,
MAN.2hch76T5PC1xSuyqMX76D7RrriakK,83.53134999999999471,
MAN.2htqff9HwrCGMVZUjcuiEjQUfADFV,10516.202520423849798362,
MAN.2hy4Y53XnTKRh7idpPCoErPSTT6Nj,1085.46237008923215195,
MAN.2i5pch6zpnTHsjieHUjKjVsJSgMoA,0,
MAN.2iBM3JUKHDHTgRpGmCaiVku4j5c4c,503.215,
MAN.2iSKCexFt1uLARiAuNEGn98FBm34g,90000,
MAN.2iht5n6eaFUtijj4xgKNibeyuFNN9,19,
MAN.2j7drr8z3Wfny3YCeVMej1h18VbP4,7322.925361154,
MAN.2jDUEectpq1HxkoKZmxCiCupa4VDG,28.84262176,
MAN.2jRoB6yhFMk7W46xwLQgCm44oZev4,4,
MAN.2jXcM8aVpMZkk5Sdtkuwm8UPQ7Ew4,20008.160798,
MAN.2jaKYtHKGqg7Cske2vA2JRMxPdYwj,3240.86,
MAN.2jmuSdMZta88YkSKeGgJAbK37DY8c,0.99887176,
MAN.2jv4HWpY6aigDkD9PYyP7FGaE8cT4,254.94887176,
MAN.2kF81f8oPcyCJauLHFrMN54dun9Yi,497.9,
MAN.2kFLPyFFQrdBZn8PdgzzSkrpEbQvC,27448.48508579,
MAN.2kHy2g2WQScAiS1c1nWt2HUwUZt69,577.83839081694696728,
MAN.2kvPgcdrxq7BU2NJfTgtNqyHowpEo,68.535911411419155006,
MAN.2mHv8WkPczgZaoruUx9nn8b7dQaev,644.040287829902027618,
MAN.2mYCNZdtwsXa2DvcNgtqBxEJKBS22,579.24774352,
MAN.2mm7ejjYdet3FPi1orBACZSy9Eqyr,10.12,
MAN.2mpm2WSfMhvSfsabzybd2cp34jfDs,149.918185762687422639,
MAN.2nF9uPYJ3UgQWrzwBvKi5shCuSGp8,104,
MAN.2nLkoJwDejr1PfCsoLRBEJXjgKS1T,177038.17,
MAN.2nNJYrMDgtYzBXfQKLovxm8XLEfKQ,10.45623,
MAN.2nRsUetjWAaYUizRkgBxGETimfUTz,395088986.583876630545083167,
MAN.2nRsUetjWAaYUizRkgBxGETimfUUs,0.000000000000022004,
MAN.2nTumBcxhVkeVLuVGXF3ZK8GT4WN6,9.99697708,
MAN.2niSwrdXgRiNRHeEWcneCsQZ65XyC,170.721680157122436955,
MAN.2npKefvpJcKqz1yw4m9mxHinrZK9z,3007.738970135187498381,
MAN.2ns8sSJuGbeV89GZ7BMiHj31XETPa,165.471648552233851888,
MAN.2omjwgo7geFgjAbdEU1LPN5nt3gss,20562,
MAN.2pPEb98cDoyBQTjB469xXX5ATrTkM,7.119243999999999996,
MAN.2q5q7DazVGBUy9NMsQugKQEZnz1qG,0.067201961616757561,
MAN.2qGUupG29JRpua6jAiyZDQRHgPR42,26,
MAN.2qd9NK7t4UDZxfakyUJuZzEtEHfLK,3220,
MAN.2qnpj5dqPZ77X1NEcoMSJaHpdsJ2A,2500,
MAN.2rMXrKaDiByTmqn5au4bHB7mdGaiu,0,
MAN.2rhVXofg9nRv8eoigczXDP6ZbVuu7,72019.367285720890183758,
MAN.2rjx1oTNtxTqLBJ4ChyVJn3RubVFH,28385.93013908,
MAN.2roNeQPqDkoTyn9gQt2PGg7nZfJRJ,1333.790522,
MAN.2roS9pK3BVJXyvGBZE39XzRvpBqMR,181.759399161466761676,
MAN.2s3U5ZEPcm5XUM8mkWVGS5JASQhQZ,3,
MAN.2s5AP3v1iMfpNzgPqz6WADXtrdxjW,4.999244,
MAN.2sBYhhM6NbroU8ULf4CKFV2RE21J1,14.518057326148072809,
MAN.2sPY1jYjzxsyrXeFswHYWK1bW7dnJ,404,
MAN.2swp1mgy2qj2waQu9fr8Z1ZKKBeeA,23455.2066,
MAN.2sxhwaR9Sb6JL1fHcgLcUsUFNScd2,2220.116716912,
MAN.2t2HnW4jLJjkBK3htBARfWWLvJx8w,0,
MAN.2tD8SQoaEtjeNPVZGiUygqpRijnUv,10,
MAN.2tGEJXzXV7jiGarYF5KQc9CuHwAXH,499.899909102602004323,
MAN.2tLbTK3HTkxnn6gEdCwisHWKMTt2a,2647.2490876,
MAN.2tQUf5bVnSrhwPAJXcoTMX4E7ZADA,41.854963085331827833,
MAN.2tXsr6sJbnBhAbjwRGaGbMb1uXEML,201154.338233106062416223,
MAN.2tYAhN5vF5MZVAKgjSJsextwaHUi4,367.0117,
MAN.2tcXUX3Lwn7RfDn7g4N1yoqSK9M35,339.846570433558200408,
MAN.2tmgotTob1WuLAXATiiPcFYFGWtmW,73.33807936053,
MAN.2tpeMPH5gTK6eQtfVkDtsQNaEQjzs,100,
MAN.2tv2GxBdmUuT4jXUWs2HErgvBDWXZ,262.418530232,
MAN.2u5V3rSQ3gbJ2Czhp4xVtEBq7Eo2r,0,
MAN.2u9rP7eBSySdR1N7SYB3TdsKQK6KE,2,
MAN.2uTgkPiGX9ziKuAKyeeWBt8duiBRH,5606.251055772455837161,
MAN.2uVHUpBUwdaT8xEvSPTsM2ha8TrqE,54744,
MAN.2uVNQpErr6jNUQ7nQYsjkLt7S3XFn,100001,
MAN.2uYsRGHLR5BeaGZFKGkJNxhWDfwf6,10136,
MAN.2ug6Pjc3G6yXroG6Mp9RHsn6of9y6,37.727889260742741395,
MAN.2usBHDKt2eDPRQ2kQ7h4WAvEKimbC,56.045354765337910306,
MAN.2uzuKGfPdTr6ACSw5ZeEhV76rQEhJ,293.970847,
MAN.2vQkSdwuw5phcP4BKhhp8jZtz6Y3z,1138.68788069,
MAN.2vRJC4Vz2SbuabC7kcgaKaM6QUENa,117.17387176,
MAN.2vch8aDvw6iARVqi2RStKtaRUwcPx,397.6058,
MAN.2viWX2Gmr52qNahHxhoaqop83UUCT,53654.864684012455837161,
MAN.2vmaX2QQ2Sky4Cq75THKHD4GuiaZX,6546.859133789075180767,
MAN.2vn9cVdLcVKXLSMJjqq3UoioNDJLb,6176.589749246743367672,
MAN.2voR1qiu3EuNs3N2hNaf2Z1vTfEsj,10.999244,
MAN.2vuwm9wUvLwUBammo3EKjRy5Eokdk,7153.395595279451,
MAN.2vvpQJNuPQTawYHb7QsoazF943Xtc,423.5974992,
MAN.2wSMuULdvv1QvqodgtkkCWZRDwDzu,10168.2936,
MAN.2wbWgbwAw8wGiwcnsE6QDd2pYgrN9,9260,
MAN.2wcArfpCVFWLpcC8i1hpZL72V37X8,2916.807305772455837161,
MAN.2wgVoM6HDWYdz734Y7xq7fQmM5zMX,0.0004,
MAN.2wnuWJXR4dpzC1KAhDAw5hfDZDYWy,0.99887176,
MAN.2wr5xjkrGgtktDWyh8uw1QvEZAVRV,105.241250832,
MAN.2wzzbWmw5yLamfBw9QA6v7Y8MfQtc,2174.87,
MAN.2xCagaPBGo2EuFyjLetsHfQBHsXhK,234.15068,
MAN.2xGSCh39mcwMG5FsR21mD8udktCQG,7.1031917,
MAN.2xYCF5AaqbFdCGwVzj1r7zDXTiVUM,677.87387176,
MAN.2xru2jZi7x8HzwVqt32vtjLoXkxyw,0,
MAN.2xwPZme3UvFDinJtjLiWEaSuwC1WL,0.000000000000488805,
MAN.2xyUQ3tJrmv2aNEuxdchBp3Kn7iqg,10,
MAN.2y81jzFpVhA4xikQPZ7MmmEPW595D,10193.41299177,
MAN.2y9Xdqo3S9n8Naw1K2YQGxHEPbMjE,10076.7871,
MAN.2yNWUU4vAxNXo4sgMJVHezWW2HvGT,620.143167591996304261,
MAN.2yYX79QYQpMWTWjASt5CBhe928BLq,11224.67144828561829665,
MAN.2yaDEmVbsLzqUeri9UrYXVCvzLuZ5,14084.998866,
MAN.2yabUXMAiLrsmexWUZHvRezCho9bc,5,
MAN.2yrwJJUjU3Xug6gZW5H3hTcRWoXFH,0,
MAN.2yzNLNZ63xHpcpmSasfR9zDt7GJQU,10,
MAN.2zGdCh9qTRJaAKXAHsZrqqBResRKM,851.26887421284,
MAN.2zKab87acJdADVKAyk5yfdocdY62X,1207.826393328,
MAN.2zRuFXWE98JqWRmfAYzsCmKX4XH2s,10002,
MAN.2zVpBuE71hgGe5DEBzb6cYxfuZX4k,0.000999999999999988,
MAN.2znFYdrQMLxLtShGZkfKWq9vHAF7F,100001,
MAN.2zzM2CkWAXWWnuaVFh79mQwWvMeBU,0,
MAN.315eZVmDCmx88fWCGkgbQ5uUrgZzx,0.272880435631953787,
MAN.318TKwR7gMDM19py1mLsEtiFcqZrP,25123.3636,
MAN.318cqjAqbS6n1KnSjbWGps1AaiMkZ,711,
MAN.31U1w1HT6tR6YwnMwDUSkmpcCvS8r,0,
MAN.31mnwSE8nfygguMDpppmFTazoLgo7,2495.726353061466335,
MAN.3281ByoNjPMscvuZJrdkrYqFZFLTX,215.625800968793402522,
MAN.32BqR9PbduBrZuabvfqbZtmiEi8ia,89.998872912,
MAN.32tC7mh2cXJAfzKhkntBLXH1wzx6Q,2765.22699676,
MAN.32xMseivv1Q4vUWahVQqHFkrGGg2B,1,
MAN.33A1ECHVhK4XvNMfEQ4Y3SmQ5ksyU,999.999622,
MAN.33A4wpptToutFq7fyCebKuVRr87F9,3055.041075065422756692,
MAN.33Bi8L3GqzLpbfAyGBCbvicoCpFru,0.997555312,
MAN.33G2m8sJq6qmDta3R44pVdqSgDfPc,0,
MAN.33Pr3uMUM2zN8yX8JtfThoPzJoBA1,1053.166,
MAN.33XshhcKSM7bGcjD3sJ9DPCcCxJDc,8940.477444119149404478,
MAN.33nMGLLYnoSEMzCjsKD57zz4ievFV,14219.332980195811582398,
MAN.34KR1iknjy7MG5DtHD1Gv7zUo2t8t,3408.420252201027265987,
MAN.35BUEWJHvoXuSWuneJS6sz2vFf32v,10.581,
MAN.35Bpda3VSVX3h9J1MapwwweRFVdDC,5,
MAN.35ENz1P5YHbiJ2DkjsSkEw39QbMXx,1,
MAN.35Vdr7GNPu96FonuroQbqK3h9WMa8,5710,
MAN.35tCyrKYrr2tv9t8ETmxGYD2GoKEV,1.999411472,
MAN.35xzT6pYhwethgqpYhSmzNgpYemBL,9.998872912,
MAN.35ypEmHgegtn2BxfCFPHMCUdQJX6i,3586206.86122913,
MAN.3619WAQrgVod4GEaSQH6SG5bJUu5N,9,
MAN.36P1dUEdGMGnVUJQCFWmg5DFQtPRE,3401.708122566273570409,
MAN.36dCfXBqAsUPLhMgkUZzV3shkQFnD,1,
MAN.36fvg5iLvXGdmGomfCj3Tc1QusmFE,10001,
MAN.37Z5kQbRn13UixsPUkCwQBNRgJbyw,109.138749726819585831,
MAN.388Qgy2DVNUuQvxAW1hKaTX4nvMHQ,0,
MAN.38DPERUvWMh6qLHxEgCmXzkCneAYy,10.9956,
MAN.38P2XAW8ot9wdZW61PdTNfRVjCG5Y,2.897317186973785418,
MAN.38PWFQ1rJDGmAh3TawFtrZNBMmET5,43382.276388,
MAN.38uSZjorPYZeTnp5MCiQnSLyzX8Jx,501461.999,
MAN.391w9jEhyefCJXDrFFrKHbeMsPf5j,418.013946176065282485,
MAN.39B9GHBBvkMcB46VSxu29uYVKmuyK,20082.7324,
MAN.39M6GafaM5hnzibe5CJMiRZsbghF7,2550.59837464,
MAN.39SZwxU64cbSRdJ3KLAZkswtwMMXZ,835,
MAN.39gec3CYVKPL8bSJvLpxbF56n5iQg,216.72160727017816,
MAN.39jdkavLk57yuGbQbxVUUuT546FoH,14144,
MAN.39kMUdD8JrzovZ3GmmZWyEnPWQ8JK,2,
MAN.39yMR7ayggj7tTip8cNRGMPwMT5Tw,357.577535534790753483,
MAN.3A7bFGVEq1TQYXwARHHHoupGyjAiF,5,
MAN.3A7wLJsHGkTDfXy3nAs69KzDD2e6p,0.998866,
MAN.3APx2t8G4HD4tHRw9TY1fnXXVpLsH,4186.593427201027265987,
MAN.3AVbEozaRpg9SoSiy4aZkS8yNMyGX,22023.812210913431378882,
MAN.3Ad6WzvA6tS1aWip2GoRQwpi98ame,6995.344122,
MAN.3AdS34B6ViciZ3phLSUxHAozz82ai,0,
MAN.3AmgieE7mQ3tAzy51gZsYtvZmwfFK,1810.5266357699474,
MAN.3At7uMMf1XbLyHJwXSBT3vuBpjo8a,1029.946,
MAN.3AuoHc8HYVLrUPSKahkzjh5eLdTfg,10.5,
MAN.3AxGyXSr4jaCCm6BJr4sJkbAK5seE,5.376988086662781993,
MAN.3B7okUmR1FRv6e3uLUDPY9oYaieBD,118.636962481107594828,
MAN.3B8qvKT6RJANpC7PepArAF91yWqbh,0,
MAN.3BM3YN6YjkLCtAZoZmn8aBJbM6pLn,10.26498563,
MAN.3BPR1nSsgBdq7NHBTVDYf7knQ1uXo,1868.745676530131120245,
MAN.3BQaZSYNXHTdDzntNJB7hAnBJvn4P,1000,
MAN.3BfMv7ooLKa3ShTZS6FWntJ67p4uM,0.000378,
MAN.3BgkwYuvg25Su9u6TBVtzMnbqffuD,10308.913580130566410752,
MAN.3BvMKoyxe9DDKHKb6ggwNgX8qU2u6,0.000066,
MAN.3BwpUfkHbVjXPdrKavsQPK9apZtgk,132.05199676,
MAN.3C1jbo28GuCdRpsQtqt1hY3A1s8s7,0.000000000001216784,
MAN.3CECvMpMcifxCWzTg9MLcJHofBCCe,460.37022213727,
MAN.3CTMrN724xrFygLytTk7V4DPTi9hQ,196.92,
MAN.3Cav6hDwFy1YJBF2ZpMx9EiKWj69F,10,
MAN.3Cgha55g5ws24Fsu6Vb1WnADh8kJ2,39670.696328550785220199,
MAN.3D1PXq8w9UaPakDmP9WnqMSKb1Y86,6,
MAN.3DAyW7cNxuXkispxmMDDTkgcTdzAW,11,
MAN.3DF1aXvENGNv9LqGENveqfA43HcJB,12097.253108290293478974,
MAN.3DLc38q1dRcmHkmvEvTzhYrUPjXqK,9.863594653,
MAN.3DMBfy5jRWBsEvxPiGjzy6R9b5kWB,0.006598,
MAN.3DU6uABpRqkcdMvLV6abaqnLrxwAk,1.29447347624760359,
MAN.3DYDwZdRdxCspgty6cfRathe2BytF,1327.93920824498331118,
MAN.3Dckz9JTC3fQzsQhShKx22Aaffdi6,259.41762176,
MAN.3DprseAvAxMuTzaVfP8RjLPp99sUQ,359.0817515,
MAN.3DsLj5VdNVKqBfLCdUmCeQ4iVQRtJ,1022.263847912,
MAN.3DshRNraYDQKZwQujJvDBTC6Cj7aY,0.000000000000776544,
MAN.3EDZV5n1f9izJ64mAzRAJiFcD1XSD,13252.40206,
MAN.3EGTqrRzUeV6NhMVqcsQBMNcciWoL,53401.692809012455837161,
MAN.3EQV1ZQPCeMidvxQxfUsefWRX9XdA,11565,
MAN.3EV2NCStdnudNnm7vUKoLxGUk9NN3,277.72,
MAN.3EhYJ3LLgEbArWmYc7UNhnFxNteJJ,0,
MAN.3En8AbKy23Vm2bT8MxbbB7JmAZQGJ,0,
MAN.3EoQffN4WzZT2uwKB7HMbmJjFsTHg,9119.829983947163057694,
MAN.3ErMnDr87YcFftk6g9zpgWX5bxBTb,2430,
MAN.3F5rfk8iYPvFo1oECNPqeXBJKDzkC,9803.92,
MAN.3F71aVPB9BCcdJ1XDsrVqNX5y1mKB,240.4642343828526,
MAN.3FYk88QGoLavSnB2ayVyxvRg3w7ix,10253.800859631009362806,
MAN.3Fa7rDcyWZrrNrkKW2Px2BxRc9Xkv,4493.5936,
MAN.3FcSkLDhMVJJrm77DAiGrfSdBy9d5,1616,
MAN.3FhV3YE152Kiz7NH2qCWzVfdEE17Q,0,
MAN.3Fsm3KuhcbVyJk1DFnMGntkykzhFC,526.274218627905312144,
MAN.3FueuutHs3obRQBvWiwiZE8gQ1u3p,521.65901817779268804,
MAN.3GDGHXpVcY8GovVuv2TuF2z3YUSHR,25,
MAN.3GF3oMCVnErB1ifeFxQMTtqnzxbN5,88.24331363,
MAN.3GwzKHDnh3ZDcPwPnMMitwQiRrXYK,10.5649823,
MAN.3HFaAJ72M9BL5w3Gy53kaG347p7H8,45.257535577776199192,
MAN.3HK997TB5NxEU8vNbcSVZRydfdAiA,461.420747912,
MAN.3HPL8YUL4pjs31BtYtWyMS33ULAcQ,9859,
MAN.3HQRDnNUTX5G6Z7WPXXxr9YsP26RS,8712.952809078835251361,
MAN.3HVPPJ9YpsJF2yUzFZ8h2kDvPGbrG,924.56634926,
MAN.3Ha2pKcctCXZNSeMhYYbjVfG9HyH1,10264.187656874953036481,
MAN.3Hqn4p8GvPH1aJv9uBYabsgacdvU4,1114.430538088,
MAN.3JAHLa76NA487P4uHdk1vaP94QYrN,654.957391760252185347,
MAN.3JFWAHhjrUJmy4VHeeAMgcG9owuDb,10087.572539323845268809,
MAN.3JQRrtNUYUNYykTGLDHQMa8AGfaF6,69.80824676,
MAN.3JbBdLm6RPrYr7EqXfuT3AoipCoTz,0.000000000000305118,
MAN.3Jcko5oLn3ZSqGmY4TQCGknXxoj8C,11,
MAN.3JpGqg21pTbtJBcoESukyTqcZ4wMY,0,
MAN.3JqFuLf5wmrwJoGRnDFSARa8P8H3D,10004.254439397162770743,
MAN.3JsWnwNEdV1VBKKMgRGXadxNXNAiW,746372.673687263781965242,
MAN.3JvLnr4ApGRGYaFGg17dBiiEh1Kj8,211.78324676,
MAN.3JyQkKemMbVnZ7iCnVzXPJuENFnqG,0.009622,
MAN.3KGNAimHUcHH5isCZ2KzxKwyA7Mtr,66.76449676,
MAN.3KiAskgsh5Ghbwr78uUYq2mFXm6oy,33388.057266275726010053,
MAN.3Ky4b4r4369wASGrpNGMXtHeu68n4,0,
MAN.3LTaf51g5GSeQt7KBrDkJsxTqQsuM,34.92074676,
MAN.3LU5zcPdv1YPMfznz3G6kgFzYLZos,1167.72099854,
MAN.3LVf2kGcnxnuR9EFmUdLMJidjoT24,5,
MAN.3LczzXMmAZzNDaLc8e5JdGn2BGFfL,2860,
MAN.3Lf2Dt2rHFLycBrzYju5Atptkdhku,433.28949676,
MAN.3LgrMEZRWPSANXqPQGJfFfPoyb8zN,511,
MAN.3MJJULi41mcSD1ZfQeT8F3y2TEYcc,14.92074676,
MAN.3MNW8gwZh42g4pxtVMgNNmzm9JBEs,11502.128303100235125347,
MAN.3MT6aXfTznPS9B1YGBeUGXdVe2j7s,10001.46,
MAN.3MXTwL5BABWwPBEsvQvorvTvRnxRC,31728,
MAN.3Ma7iFpGWeaW1zWNnMYfGWXkdWeoA,5389.701904994991069778,
MAN.3MbMok37y7RzGqTfLJt9XvMaTN4KK,209.1359239662851231,
MAN.3MgXucE2FUNhfx1MMDMFT5wXmbzKD,913.177033170268000505,
MAN.3MhedDpjh6VV59uZsn7VyhHJyqkyb,1,
MAN.3MpzhBVdr1cBrdzLCHxBTDqPdQ6mc,142.397278148002671722,
MAN.3NC1ubeqYVZA19o1mHJvDJCLn7zAz,6559.68673671522284392,
MAN.3NSBB4fzuXQCE7td1JqUvxu7eHL1V,1264.178871606921221438,
MAN.3NXWeqogUoreSFyu4gJi1LGQSWkfY,2555.388476141561495652,
MAN.3NathapfRegJQRzU7jRnabE769f7n,168032563.927640113352298898,
MAN.3NtfTv6Ji6iccsDibj13sqBVMqCYM,14.6,
MAN.3P2n5nxCYrwBc21iMRCi83jDQnayR,0,
MAN.3PGzkhuyqTwJrLpzQZ197XT34Eao4,10,
MAN.3PT7zB8zeYwhGG5jPZsHcY5C1bz5W,1888.944427772455837161,
MAN.3QELrmNUC78GfWWvygzyNRrfLRrnU,15467.2371,
MAN.3QMiHoEJz5Vds8wRt9iewEf2qjMDE,10,
MAN.3QnQS9Ru3VsnCmWAUd5LZDnoLc3HJ,65.272455746208047373,
MAN.3QsmeUZ4BTPqEdEdZNFyRfXSa6SiQ,10016,
MAN.3RBZaP78V5rhyFdoZHGpECZJJN8Nq,147.846141506403761842,
MAN.3RFfGuW7oteLju9zTKBRph62i1RKj,17.921497,
MAN.3RGmCSP4CMz4neSDn8Qp6HgXAHccn,7,
MAN.3RuQmefCBZes1NX2h6pxRrYVQyTd6,3250.617259201027265987,
MAN.3S4vPXaexSJGxMD36k5481DiK6cdH,10,
MAN.3S8LLFE7TgoLRipjDSZrH75ZSoG8N,24125.048095784720044227,
MAN.3SAXcRLRG3FgTsAVCuwMTH1ckoKTD,10140,
MAN.3SJ1jTko3q6ZNuTVwTrxUaSnqsqXG,0.009622,
MAN.3SJBVqgWmFmAubdn4SA6W5oKv4PN5,485.974741742479260084,
MAN.3SMsLiviZNkMciFEfaVeJUQJyTzNS,1797,
MAN.3SNzjPFCGebtVBfqPZtu3j9xjRNiF,15,
MAN.3STtm8zFiBofBTUYdFJgj4WrZhxED,4343,
MAN.3Sf1Qj61prY28Q2pyM8jCsJ5PJG8V,1194.84503395,
MAN.3SqMPT3hi8XqqrDUUBNcbm5ka8Q7t,357.252350987229520709,
MAN.3T2riiW3NZqSWjwkzPEHeAHXCY5wP,10.948164245,
MAN.3T6CrWiYFDwM9bRtgCk1uW9ttEb12,0.000377999965070253,
MAN.3TDW8Gx7eGZfhumGhx9D5iEP8xr2n,362.002020398867825559,
MAN.3TJUS1ZVKSiRXZYMn8xRxQjidhchv,11,
MAN.3TY7Yxh5yqETckFCHo23b3jFmtLst,116.29,
MAN.3TZhzJ5ne3Qj5T5LdUbyn95AF3aqL,2000,
MAN.3TiUtAZgophAgF97GersjP4p6N79X,31.205689006557,
MAN.3TjiRrbBmbu3V9m9UJQ1UQ5b3X2XS,67.17596876,
MAN.3TooGSokwd9C1t47oaetiYnrpJsZy,1232.53368936635,
MAN.3U7VUBi6FVZGC73acCPqKHkfXjugG,10,
MAN.3UEQPYwDKnpmMjBmo5THvXqu3nY4E,0.19887176,
MAN.3ULnfnLKA9icEFcHh2ZDLQ2t7bbpn,12957.76413440512278995,
MAN.3UTopRmefjMeUJyN34Yi8MGyH5YFV,2038.680760999919208779,
MAN.3UUVnuPAZydhzkF5kvZkh8tBn6nXH,5,
MAN.3V23kHf1d1GSVGZh66XXrxxBbEamz,23201.2278,
MAN.3V28xRtkNoPMHpUCACkW6vDaZcQKK,10.5,
MAN.3V4ZvtJmrUytaum9qTmG3e3r9Z2x8,20052,
MAN.3VBhky1TRvCFuaz1oGxpbUkLx7bgc,4,
MAN.3VEyxtfWVX7uDX7XqN8v5hhW6o4GL,2276.5264188,
MAN.3VeDG1RbtHqbRdvFKw7WaKSxc7Lp2,181.96025666,
MAN.3VkCeqmBTVwP8YkQSqHUx87oejmKB,10.6485,
MAN.3VzXerQiijinXmqgvLcraMBDE6a4L,9,
MAN.3W7taSesBEWamQZVAZdQHskScb6uV,1.603222,
MAN.3WFERGFCcbBBysFkxPMazwcDsFpFA,800,
MAN.3WMGyNWFEwXHLrhcpHqw5BQztpnaf,1050.98324676,
MAN.3Wo5RYk1ccbq5a4eoVxX8EumS6fDy,14004.708302712493028413,
MAN.3WoMRPrJyJzN8UDKgSNNj5nG8ShLp,85,
MAN.3X6WJgPZaoLbw2x8AUsodYqBezTt3,1617.587837,
MAN.3X8xE4DfLxyvEBJsnKyRTXVehDkoK,10.88,
MAN.3Y1bqMbHbXFZj2ij27HZfpn1HUiDi,177.546,
MAN.3YCcJ1xR9EYHMmbLeTUtbiG9Y1fuq,20103.55014671,
MAN.3YQ8UsouG5X7FZkfEL3tMyQui5Rbm,590.41724376,
MAN.3Yib3E3GgSW52SP9TUJn83E1G4o9u,10000,
MAN.3Zd6yJitP5uZET3HPG55RU33mE8X9,0.962534482521378572,
MAN.3ZhqNbMDqzzQuwFD6vuTw6aNi8Tf3,167.481159088946921096,
MAN.3Zixtcc7sisvHiMxTLT2Uu3xLZtNz,563.85951276,
MAN.3a1L9MXtceLR3j7QKqjbw3FBKpcyk,99.99960976,
MAN.3a5mdwpi4G7giAwrN6FDE37kD7Fyg,269.658414912741483192,
MAN.3aN3725pgcjQNo5hwKGj6MSogBWLz,10.824678,
MAN.3au51AcAevKrzz5hq3QEMRiboMG8J,5,
MAN.3bNbtjuBjHfY25SV8CppGVwGTNjuF,2766.77499999999999969,
MAN.3bRn5UY17kzRaA9UGGmpmLg6JgAUE,0.00402127,
MAN.3bcebZbjEMWqeNvYdDM4eaPzaJEjQ,23.92074676,
MAN.3bvYS7Cudhc7DQXQNTb24R7KNGpao,10213.428782520252883517,
MAN.3c9dXJHkXTK1w1oVvtFaJEmSjxLSj,101722.651286248,
MAN.3cSe7Rc1Ef1Jy1PxkhNMQ6HYjMdkj,3171.86686115,
MAN.3cgZAzP4AyxzLQyB4hiwm64zAhsiw,50,
MAN.3cjXAH87TXFTvyKdwGdqTM9UKe7Yu,87.19262176,
MAN.3cn3dXosRSxARswFyxpx9nWYYowws,0,
MAN.3d82fHi7bE59oi3JaYY7bYScsU5Ww,43.087116771444491799,
MAN.3dFtuZE8zAngPsS5itGLHYx2DRP2U,11,
MAN.3dNHaMu5jEJtKTbuk6yg9gTry3AAN,11,
MAN.3dRVBhjF2kfgVoKqbU3HTeFw4egKg,218.922113864,
MAN.3dVCLV9thUjB2DK9gVvxJxMsGkERf,50.746656916237093249,
MAN.3day7SKgR1E9N6DciYJiSZ39qf2cA,0,
MAN.3dhDfJBXSU4pL44TAfHfxDgVumw1V,10141.928561079455386313,
MAN.3djccuA6VUFpyMBRD88wVviW8GS7m,89.76973429768495492,
MAN.3dqhSGbFnwNAFd4KMWDjxi3oYWBgj,20,
MAN.3drXyWggLxXPR7htwGDaWA4nSrN3k,0.999417592,
MAN.3eK2bCJRQsCtHWdUFBKQK55hxEq65,10.6492346,
MAN.3ePPyheLiPK579LdjtM2wSFiNbf19,2219.6002,
MAN.3ejKmzeRmcmVDEdPDxbiGrueh3pPj,838.494949770280585915,
MAN.3fQXj3ePumLT9ysYsUpZzvxb79xmt,52603.4,
MAN.3fRMAvWyoLCrRC5grSrbQ4Uv1ZgH1,4176.185877201027265987,
MAN.3fdF6nnjWdVTUPfqVYKty3RsGdboL,12643.139622,
MAN.3feskJKdfhKMfi5igktPMPu3skfM1,0,
MAN.3fjTCHuMhMqWMjSgajfSkStkKzhp1,4445.613213563762575066,
MAN.3frn3WgqCJBuhmW1wpttCxutWdndo,22694.774684877384039612,
MAN.3ftwnEXPzHpSj2JSb1ihUBpttZcJX,2572.3861,
MAN.3g3w96Bq6H2fr3coa6WEAawxQP7hy,912.626363552,
MAN.3gAA1Ubw5dKj2yFRHB5axAtgEH6qM,0,
MAN.3gR7gz1RVeuV8GaQqpKw9Rbs2qYUM,16109.0863498,
MAN.3gi7itwtUnZyxteqpLKigRqta6Yge,84.420005167158883279,
MAN.3gjCnxCLwbKo1EWLCS5bnD8Xrb56q,278.286240948227507161,
MAN.3gqTu6EzF7bbPNEgFHiD1hLgDWhmH,10.60856943,
MAN.3haKsmpUMUMYnrnaBYkNdrwzAfGKT,5491.151502201027265987,
MAN.3hfQ66nNeXJW1CXMtoKfc3tqS3Anv,10.702,
MAN.3i5LvaZyBoFe8fr82ipNxKCCWPGUn,388.530512314774451771,
MAN.3irty5XKEYBixubCnqE3h2p1dqfpb,20059.359,
MAN.3iuCEWsmH3N1fbKUuqt3RcYSpbmVN,11,
MAN.3iw2H6H5U51S5J5kH7UDn1b4hATbS,412.47556447758099385,
MAN.3jD2ekY1252yPidHo5UwcjWo5hK35,0.054912000000988025,
MAN.3jGUNcA5bq4GEUnHRuAWzT4sTmqMk,9153.16190482,
MAN.3jHRb2tFYyXav8s4QYo2Uy9ZumG2n,0,
MAN.3jY7X7CPTBUKRg5TaQ39kE1hd5BFw,1449.01976704,
MAN.3ja3qpv7A7FuNtUCSxxFU8aRbdp2m,10099.99622,
MAN.3jdUiyThsRsnaqpBv8fx4Z3iern59,21430.599626293469672413,
MAN.3jg4wpctmVfwyrw1NBWPwATrDytCb,2751,
MAN.3jnp4o6f9XLA4rLAXLM61GwHfxjpc,0.000422,
MAN.3jvKyD51DiJX79hXAdZc8E4pMpaM9,60,
MAN.3jwht52SXaQH6gLG1YdW3q6ndecAJ,0.999622,
MAN.3kLv5XHrKA96FYvaXNTjN83CsLNFF,606.77387176,
MAN.3kNQ2bQLdUht2kE115uvo1T6xKL8w,5636.049585156905414399,
MAN.3kV4PxeWRQKdTgMSTtNHkgTzBmG1e,0,
MAN.3kXaEVCgoc8Cipt8rNSYZUaFUiiwK,4056.265026210561579666,
MAN.3kyRyoQaDehCHWzCygHAU55YYXTzd,520,
MAN.3mHXLv8qpdeR83Cy14cFKUE7t5vdQ,307.085878209140615765,
MAN.3mYtUtvEuxQ5YVSkqtCNcudP587qy,83.08599376,
MAN.3mdgG3ZsNnE7ckF8QEivQHJQ7sRQV,50000,
MAN.3n9NCC29jn2YwHEBoVGRtVMXunUPP,0,
MAN.3niApRf3LJRmEgL4qUABS68FVqxgo,154.358211966,
MAN.3nqcqxxrd5MnTGtVzA5WXkicbyVVQ,1000.46877762,
MAN.3nr8uGrA5Be7ptJJNBzgWPsFsJzYL,10.75688,
MAN.3nsJdRC8WXuUpDfpNMx7XcQYSLPYC,3487.559367589003519928,
MAN.3nuPRg46twUA9cWtEfhupusMBsQPY,114.77387176,
MAN.3o3LRkx9LvMLrN7aLuW1kaDXx5nn2,10.7467921545,
MAN.3oTvMcQTi3VC88SnWiwfdCvgAyV9N,678.155678119882235682,
MAN.3oguKXVQNCGCswzX66RwoHngqffYK,0.000481323324815299,
MAN.3orSykwRa7Fz4tZsnsfTynvGzUAbW,1117.12879,
MAN.3ot3VzqUqmUnPZJetmcbi9jTbTsFj,0.000100000023360561,
MAN.3ouwnhMKz8muF9m9f94ffaDZTkxqL,200,
MAN.3pEEif1mTzjc3XzpSAonZ7p977CjU,108882,
MAN.3pPapQGz9uS8SrooFHuukNZKhpnoG,0.035999999999236114,
MAN.3pTAH8pGwmJ94Zm1B1sNMcm4q1kVr,263.480400966826651907,
MAN.3pVU7qha6TdWibAor8to6QFKVw9So,4405.293418523676800069,
MAN.3pVs3Mi4RhE92GWjm8bvhi8Bnd2uC,10438.626664132222,
MAN.3pXWiRaPwboYgeDhEANSApPeUxSB8,3070365.670914612639048374,
MAN.3qAsSZ2G4MwT3N61HSRwNcMNnWLfu,998.896835020001361456,
MAN.3qB2wzWhoRgBypgyqJTESnUxFxwCQ,4141.376502201027265987,
MAN.3qPx4q7ofp6WEpLMLExMpnQdPhV3s,117,
MAN.3qXuWNY5UtvhFYnDvENnm8NxQVpLj,37085.784654693573577562,
MAN.3qZTJCo3u4dvwVNWxv6xcRwvRpwVK,828.13528799,
MAN.3qyFVjXB6uvvSs5sQwcubos8iyAis,0,
MAN.3rWR8ijhChRY9jR6PhdFE6yvYTE7R,644,
MAN.3robpHFNFiLKbrcguXDiGNVYk1jBZ,227.739729130922,
MAN.3s6Fp6Qp3DC2UatHSR9N1naBMMHjY,100,
MAN.3stbFJ7D8odF8PGH85LNnFyr8MJas,12021.058359752886376025,
MAN.3t3cAczsmJF2NhM9KdWywE1N9SgMQ,437.675567377276387896,
MAN.3t5YvVZ4Xtsn9AriPQK92987wxr6k,381.541526636,
MAN.3tJJQYz6e7jqvxQeBZUffTN5fybiJ,30015,
MAN.3thGvaMEws2Z6VArWkrLD7SBvMDXF,10,
MAN.3tma9TkTppB931Rqo386d6Vt6TwEF,0.00460576,
MAN.3uBS6r54C2mYmeScgL35M9CbsYjSD,0,
MAN.3uD54pWgNoq6MH3id4Z2fMN7PhTDu,10,
MAN.3uLsHrd33HYjwAg1Vj3BtXbZvKEmL,27.846707662780056026,
MAN.3uMH5YeTatDzvAr5bWgFS6LK5ZmCu,11881.45506817,
MAN.3uR3DX7C1Dsdi8oh7tpyfeN1keLqS,177.375300000006028644,
MAN.3uUeFkPb1SWfx4vdqQMDztGQLDLcv,114880,
MAN.3uiZZCefENYH1JebHuH3mBjjpbA7T,10.6491659,
MAN.3v2MavWA3ugr5KSMnBz9nxRwivyjW,408.14887176,
MAN.3vhdHJ7XQZyiYAtjMcPBuBhC7NSe7,255.22652176,
MAN.3w4Tg8v6mSMSXMAfwV9BsZwJ1e6Rd,10,
MAN.3wYzDpjTb8opJxUuRSKBZdTCJG6Tk,0,
MAN.3weWjKGenqaDWqYbHtvfcojQsF42L,75531.57630077,
MAN.3wfD7cSFBtSYfeyHU3urJzYVESEse,911,
MAN.3wtNDcxMWsURckmczGYm8DenVBeKH,1.899622,
MAN.3wtNbpmMwzDRvxGXB5opBmirpBtng,22358.772624046249831828,
MAN.3x1vcmfqqGzXLq6XUN9MJ2uuZGFmx,11441.811,
MAN.3xkFqA5j8Zoi3bBaZsmr7EuEmkABF,1000,
MAN.3ySCLoih49dnTS3jquacJdDYa27ag,63.67074676,
MAN.3yT8YGneXQMWQpgHeTNxCU3hMnTXn,7914.583755591978023393,
MAN.3yiXBFZ3Td7YEEqdGwg892oKwmMZG,3006.54,
MAN.3zLYpvR4NGC8BBZWZ6n4pbGxUUVwX,12067.54518398332458373,
MAN.3zQT9PwzKzGdJFqXou5cCerLRZbd7,1348,
MAN.3zRLCLFx9cLx6sX75BMn8JuGwU8eC,265.5817713,
MAN.3zW8zkeDrixXhSBWUibjN6JjgnDiY,179.437674770623302929,
MAN.3zawLncR3rtjUpMSRZAxSo7eo5mis,2468.4821924,
MAN.3ziForDBPgvHux2kcbFnKFKkJc1if,0,
MAN.3zj2iwYeZFm2xqzgBCJzou4qnRnVH,23486.02,
MAN.3zjG6Wh8KzwjkCKfYqTDA74Ezcab5,4,
MAN.3zmzi4YoAh98RNPoGyic1zthvBbFt,11,
MAN.3zoVBzvZ4jmDcKjTN9SVTLJnzBB38,796.54574676,
MAN.3zrZun5FreYYFSpRQmYH2yJwo7S7F,18202.357593387724501627,
MAN.4177QxXfeBYqK469uM5JTZATqkggV,322.546718426110575435,
MAN.41D6M9rNkosV8apBg72d2UrPYZ4jj,200,
MAN.41JjXdRDovSQ61RbZV45GThs5CXZM,10096,
MAN.41KFTy52cvYx9BrrLxrYPh9PNWd58,10.875298,
MAN.41TZQ9mrcU1jPHsaxdPKhtJojEfJZ,38.437781488,
MAN.41W4RkmSDw6RyMA5hzpY5Eei5QEPD,2500,
MAN.41X67JnHfaomk1eQ6Tv2DCVkVgXCs,3082.6044381,
MAN.41gHv18pRuRsoUoBrRkT5Xsp6PBA9,12868.793268338591072311,
MAN.41iZVQ3BJQr3rSZA6GYxfpdCRLk2q,10018,
MAN.41sTPr3HmZFHWo6giitSMLAxKnqL5,5575.4278,
MAN.41yfyEceckWR7iQzEAxVn9aszNjuD,10,
MAN.426dKQFiKuJ469EEgmrg3tP65WRph,14992.6423,
MAN.42KpsFiVLc66PJDaTFfoe4iQoFLxq,2106,
MAN.42c1yeU2nKVmmC3kE6Psb7DJXgQEe,5883.091013786562743297,
MAN.42ippPQD9w7VPBS1cPc8V3YeKxWNT,1090,
MAN.42yMWtRtoS4zWHRn7bNJpfUDxMrXm,1397,
MAN.42yxagdLJBpF9V9uTVy47Uaoe7Yc9,52410.727184012455837161,
MAN.439xNJTQrmmYEkm2wm5ThU79UsMiu,123025.488098372648782071,
MAN.43DRDcgrRGAuAQHGaqJtJZAQ7mpZo,282.054305307236076165,
MAN.43ENNr3uXpVyBKLP9B3k964tuLDed,1006.32036876,
MAN.43FqqcQxPf5oB8F1dAnqCS7B4wtTn,105.68637176,
MAN.43G7FtgxrWRtj3wZcStUaDN1reZEu,497.86,
MAN.43LBPHxqFeafEtgU9xnt8spMAM584,408,
MAN.43NLzMEMEu2z9eYJ1CeZd9zMX9LV9,0.004244,
MAN.43TR4ijhau6nhtgL3M6rFtz3Vj3hr,300,
MAN.43bUAsPg55kpzCTVpRenMCBLmiyjv,253.10768087190115929,
MAN.43fYs4d6eAEBUiaApwaGDDzvtiuZP,3388,
MAN.43jtyabeafGYvcL9c2v7GHjQX2xNJ,0,
MAN.447uk3fWQcccziXM523TH8RGDdvJA,61.930999560114134522,
MAN.44Dse7UUZ2EjB5PbhYjuaAaqXbW2N,10.316495754,
MAN.44Pgx4qs4mHYwwHtbsb4tf58JwYeR,1704.533572945250496166,
MAN.44WErXDFV9iNmBphM4okSKty38Xxw,476.911634440535402352,
MAN.44aie7kMS37pLq1N1jTtqdS4iSiDr,588.42074676,
MAN.44cpm9xmEFe7wYtM9R9hsKEZimzWt,7586.396093808930080201,
MAN.44pvevc1eCVFJFfQdRWqVQmqKZ5Qj,10.355893,
MAN.45BYn2guPhp7iCsiMJ8crm9jXZxCT,1958,
MAN.45D4V8nPSiJ4QjpoGf27wQSVAvwXC,1544,
MAN.46EgedW9NkJ1dr6Fp3bMqrAePkYwM,19864.072876318583727202,
MAN.46HL25ScfyF2hWzhzhwX1vpUGFw9L,298.43353,
MAN.46KLDVcvbB5ECYbpTgqiEorbCeib4,153.548123215989,
MAN.46LnQzu2JJTcbTiiGbSovXptSz19A,1323.933677397811323227,
MAN.46r9YddfWoz9qjybiSm9mxCHzJ4a8,149.92160829,
MAN.47PZsNJdtNTCRFRBd3ZdEEaS8zP2t,0.004,
MAN.47sVHjnMPmGCpagv9S3uw285yL6T8,189499.999394264,
MAN.481JNRawAJ5CtnHXn6qyVpEH1wWc1,136.9013032,
MAN.484zH3LX8GstfN5EXXT51ZTmNNnkK,247.998866,
MAN.48AwmgMUrRpx9Q1s1K4zyzpJNptMC,10690.0060368,
MAN.48QzZmtftLx36sWzQ3obTb8LBEbho,10039.5,
MAN.48SbZHYbE6kKeyDvzqcXPcxsrbCrp,11,
MAN.48U68xkJwK5yGKE7MhJwywsfg8hnB,246742.78,
MAN.48nKyJGQDHBUD1teWsjZmfXCRPM6N,3790,
MAN.49AzeY32FhyvVnQ8HKus64BBL7RKK,2049.31674101,
MAN.49NovjNS86vZbNjJ53QUHLaLw2MNj,5583.47788502671,
MAN.49hMurUXmmu2t4pFgDkkku1Wt3ka1,0.646030001774364622,
MAN.49ogvp9zHxtagJiEet4KFWxeX8icZ,1016.6365,
MAN.49p4ZZHruXRymwhT7PCt65Px4YdxG,13204.26,
MAN.49pPTYMsPvLSkodU5jFTkEEGFRP5P,0.00000355026884189,
MAN.4AHWmkWsBGizL2oqNCCax98m6KeyB,0,
MAN.4AHZ1U6nwfuTppsGV9cvLns1MMNqo,4756.202458281422443628,
MAN.4AauQV4d6AP9dgFTqPTsvEARtCJvQ,60.35811334695463678,
MAN.4Ae3AcgvnSBqk8FbZqBp8ZYci2D16,5333.324887335334281624,
MAN.4Ag4Dtt1LT3q6EpNv4qKpjZ6x1XKj,103.48504692,
MAN.4AhvaGmvJ2rNTNQPgGE8oqJoitZK6,10012.6026,
MAN.4AjB63A4UABAJqL5y1cWyt8TrJRTy,5,
MAN.4B2h94L2zxkbg2smwzXgPBX9C23Z3,1307.19,
MAN.4BKKCUBCMoHoxHAF3LeJ2X44DdopL,6683,
MAN.4BcTUaKy7kdmT1VA9Rb5U9HYdFMbH,198.949537657146438778,
MAN.4C8HPeZvXMhkab594dYxZPvS2RUtY,823.88661076,
MAN.4C9SbT7CETRTPyob48ngUFrmnCCU8,9186.797,
MAN.4CmizevW5wJkrXekwx3XfknQPT3Hg,28.84262176,
MAN.4CpniTLgjbRwkDhbWKvnuPBczSMBG,0.000000000000869877,
MAN.4CtUgVxtEZjpSZQACHfQuXaHz1d8S,110.087410758089111682,
MAN.4Ctit2vwtyUSHuhaEMUNc5LTMWzgj,0,
MAN.4D95ym1N4Lmjys2ry71L7qanKW6ko,6637.5587,
MAN.4Dc5CsicDwrzMzQzEeASZzve8g8Tc,509.45394676,
MAN.4Dc63DoJTixZqwMf4BcWVRGzCr2n8,10,
MAN.4DdAGdkXWnRdNCszDKxpGk1o3ivjf,399.347987582615866301,
MAN.4DgrkoFSMbtJDEJk1x2nggjS3HxmL,0,
MAN.4Dic9ExbYssVdNA2Me318q2L5n9Dj,0,
MAN.4Dm7ZEpWyoY5BQHB3ABENUdi1Vmvx,69087.510832102342958418,
MAN.4DqhubXZF44NNT9ZNuVphH15uYnME,0.099622,
MAN.4ERWaAj6P3Mta6C9idZkLGybJdv71,32310.878307094503097433,
MAN.4EUvyw9V9T47RSiaw14E2MRF3MxQX,4144.177818909645130697,
MAN.4Ef2E1MaJtEEwQgTvL1BDn7vR1HCs,0,
MAN.4EpdYjvQDuUHVWLzjaudnQ7EFFavw,15,
MAN.4ErUHotmRRDBJ6Y8tHhL9voukSMrQ,0,
MAN.4F8uXSGrkqh54cNn9XwRngoLTqHDN,0,
MAN.4FMPjbRNexntHm4d9PH6TpcsXG7Kn,0,
MAN.4FaNsH4HY3KxWirn59XaFnRUXXRk6,10.8622,
MAN.4GiMoUiaxd9cMhV87tZmBB32pTRgm,4119.251055772455837161,
MAN.4GtqSMFLeWg1og7fEAUT9LA3tTGRL,40332.264519243011292166,
MAN.4Gukp1NDyTs8v6NETtde1FGVQ7Spb,0.099622,
MAN.4H5hR6LcG5E4MZvXZcvSXPZxhErQ1,684.05857179,
MAN.4HV3k8BJmUxgfkKE1K9F5yBue5Uvm,66552.57653546,
MAN.4HjACnp5275EmfsnAPG11gW6mRCk9,1020.617031677858285834,
MAN.4Hqe4ho3Y2RAUzvpumT5H5N2VcuQE,55.11037360388965773,
MAN.4Hv4kj4DKZTLB6coGxReP4nXJuRRT,2,
MAN.4J1JNZrFehQNLpz9W4c6FBuZcJuww,5778.45870779434560092,
MAN.4JF7VKJxbNSK3Gk6EbMXod4bFeRor,6039.695444,
MAN.4JKiueauTb6CxLAhjoTkihcTvsUU8,471.66738075061,
MAN.4JLAEPsXNu5mKLrm7KkPVVd8PvV9S,26566.958938601491787441,
MAN.4JZZ6DEnb5aidiBirYQBf3axaRDWg,354.7931539046349364,
MAN.4Ja1NSRMKfbv1zqBtBJxrHGeXgPQ8,10,
MAN.4JffB3uepzm9FVZ6ewSzqxhh8gFg6,345.708266434333497235,
MAN.4Jg4gufqowDCvbNrNci9eSiqKbEy7,11,
MAN.4JmRLnMy9ZKgyREmwsVgqDvbSoAY6,13500.221750156362385675,
MAN.4Jmjh3Cr1aJsspcWWi1CFrNghfhg4,874.445345967947456266,
MAN.4JqD5qvXs7xkCwrmnyoV6RWvzWwyn,10.19553,
MAN.4JsaV94rnkEecYEgmjAx76DepZYMt,330.1971021,
MAN.4JuA6ZGKytHtWxWAhbypGWGqvRfEk,10003,
MAN.4K26YDQJRUEp7gXNeYzcfxPYHEkv9,10,
MAN.4K6EZamNECQY7KC3T2fnaRERyeJTN,0.999622,
MAN.4KEyByciuRgmo9vMZuyPRdQCHBRhF,0.000009999999999012,
MAN.4KbGQNbJtREqZxwT9RukpbfUFPyrx,2292.50275909,
MAN.4KbouWJBwEaoNajTurs1S8DdorRfy,596.213656410076425342,
MAN.4Kq1ciivykmrCFzz5YjLgamcNdU76,44160.192621588368876177,
MAN.4L2dDtqrPG39H14oQaWHye1bUs21T,2,
MAN.4L7iEqvWKWKPNEaNw4PVUzfJ3wH97,10267.82624076,
MAN.4L9TwcGEFp7T8mDZTyJHCaV4jfVLa,0.004269169619856493,
MAN.4LCJHsxuBdL1nUG36QsHrzmc66HmD,114.36684999,
MAN.4LN3MkXuRRLado4LP3jbDX9R8G5JL,3428.03386868129934826,
MAN.4LbadZJUqzF4buSycuh64DcRwWrtN,6987.09050111,
MAN.4Ljxz7wDfgVYcSRyNxxo5dcEFcjkV,885246.8212277,
MAN.4LphqwRQJaun75WMEFzq1KP7VF1tG,47121.17233837,
MAN.4M29vNSn7jG1dwLs7bxG2RHYLikWG,122536.245495272574259322,
MAN.4MEiAz1U69hprRrVhJMJnxrKAn4xc,2299.631718903915116706,
MAN.4MMucT955d9wgpnE6M7YmiKLd3nNd,905.33949676,
MAN.4MNZF5dPsYRJnzrzXSCatjYeFMbPJ,10011.071949113384359854,
MAN.4MSVii5iVteagW3MBNQHzdLaUqq1J,10,
MAN.4MeMxyYyB5Fc1iSLxD3zm2XhmJx9H,0.002740234,
MAN.4MomtfTUXKPDyNJx9KJpGT2YbsfiV,1200,
MAN.4MrRdUEs2VdQAkF6kpmvs8yHdc9d7,4600,
MAN.4MsKQ8DGxti4K4Snc1gMTy6dU4X9w,10087.9,
MAN.4N34jbmc1m2BdYsdfig7fvxrkh9Pn,52.292125654882336203,
MAN.4NB3JhvPcqTJXaWVDE2b6pemMeGDQ,200001,
MAN.4NDCucUZMLCUrH1r8pswBkiXLX1uL,278.095204048645084745,
MAN.4NGNGhfy7WPgsxNiRSD6ZWboU28vP,1009.6616,
MAN.4NLCd4JqFU4JTVYYqfvn4kUKmyNqE,10215.48789089302093595,
MAN.4NMVcyLDmTQWGJ8YRVv63ojAiPDCc,9996.49169358509242547,
MAN.4Naa8e9sBVapddJM7GMYcyPdvSfp8,11919.14145051,
MAN.4NgPUTA6TkMZjcxiuPHNoKCCRMoBg,15031.88830806,
MAN.4PByYhdZrf3ddmT647w2hbKVz5hdf,4255.5266,
MAN.4PGuuKQvqcjauXaDn6EsfNNokSLc7,76.00824676,
MAN.4PcaGsdesBmdyYgVTww8qAfBBPa9Q,14420.0621797,
MAN.4Pn182LSJ3JNr9by4T5kDKsf127Jb,5143.277208122955764028,
MAN.4Q1zTaWduRTZHYf3Zi36cEaDZcBpd,0,
MAN.4QFhKhrywnaPBcP1RGqN3CmBqFUhi,280.83012176,
MAN.4QNPa4UTeJMUPUSMbkPbrGQxCcGgQ,1286,
MAN.4QzzYtM3JBTrgiW43m3xYTeKW48UK,26235.15,
MAN.4R7Vy8jtCLJLHdS3aqbTHFJzPkQb9,10165.660993480587877447,
MAN.4RBKKko1gVwrQBpiUmrwR76c3vHsy,152.715,
MAN.4RBfpFCmBSFqGZU4YQsscCdqEJdcg,307.590119516,
MAN.4RFvR1q5rkhDKFTP7iMgyZ5Lzdio2,132.22721452,
MAN.4RP1BDSyDZtwwpNKEfCbt3tpsGxZt,0.997732,
MAN.4RXdHj9UQF24CFkC1nUyFXsNJdxAE,100,
MAN.4RrczvbX7VMCQhx8CSMFqC1KYqxaQ,42.75693676,
MAN.4S2gJEjkAqXRJ5gxFJZNNrd48bPne,0.997732,
MAN.4S9nWqtspC3UWfMj7y7VUaLoatUg7,483.69887176,
MAN.4SNJEw93nPPFLzqFrFRVGaKh5Sbyk,10,
MAN.4SeCF3j1n88skhefW2p62Bnz3JUp1,150,
MAN.4SkNGnRJLPXE5YZbE1hoPJJeak47i,426.63294074426295127,
MAN.4SmE8ZyMuvawhkRoMWvMUbNbcLjH9,10,
MAN.4Ssg2dsKbspe37BPYZsp9aZULJkuK,5744,
MAN.4SuZpLspxSB9fe1hiAQ9tsbvUvGxM,0.000443668750453563,
MAN.4Sv5fwokjG7FRiRqye4XKGo44UNVS,71.58211852,
MAN.4TLZLuLXv74riX6xgVx8qrdxcfPN4,0.000299999999999999,
MAN.4TPTF3HDjTqU7baTpGwNm6fNWnfB3,3415.087799772455837161,
MAN.4TPfSArWYtZGVWesiZMtNgaRve5T2,1660.087779178972528327,
MAN.4TXcNuwamQCSzaAVrC9Jg17NVQrEj,12013,
MAN.4Te4H4xuANRr9JqKDGTLNq7YNfK4y,18780.727696646,
MAN.4TerxTBwhT9g1RwJeGVr2iLUpmnPC,1109.84,
MAN.4TisJ2MvyTWPWZd7xwNeAqXaXXHh6,29948.0077103,
MAN.4Tpy7eAe49jpeXzeEVb7iXjqxmYuq,246.761162728,
MAN.4Ty1scYfrCTYxPgzS8ErEUsyeTUPF,10.22,
MAN.4UbkRMcFHQ9n1JeDefpNtvAXnJPjH,1585.256043575832453444,
MAN.4UrvJuk1ZwLfM1UpiRQHFnSoz2NRB,252.608485176554866326,
MAN.4UtLW2rVY1patcab8nzxrmv2FFS17,0,
MAN.4UvPdT2WaKNeAQAwDYKrQN1BJv9op,1039.197423551105652715,
MAN.4V1RFaMRzZRA7pmNHSVnbSnggn9sJ,3.06507581,
MAN.4V3FGRg9vSuFudQ2KwqGVpb31NH8D,0.000000999992568668,
MAN.4V3giyggQ2Fm1Jp7H6yTRJ87QnmJK,156.94720868732,
MAN.4V5XDhzhW249mb5QCnV6wNarTeBb9,30.905122912,
MAN.4V6pq5mZGF58nxmJrge6GjaCfabLw,9.969095803010666932,
MAN.4VGvJF1zR5WDyTP1YoPBuggwTo86T,21.90512176,
MAN.4VXVUbVkL7hFcAR3YREFoN27GFLuQ,12711.601871527178622938,
MAN.4VjBpDMNSxL62tj67beYn8KCuSNCP,260.05745590627191816,
MAN.4VnqKEogLT3nMgAVa3vGd8wzohqLD,280.66961276,
MAN.4VpQwE3XUK4rUELmLq9mEtZVARPyd,95,
MAN.4VqDjrb3T3vR5197LJ2SJv3pVm7AK,3160.674877152535177318,
MAN.4VqosAKvEraN7FxDHq14LaxnUzC3G,2860.254627201027265987,
MAN.4Vs51tDb48DVLSr89ZAnYuSemgia7,453.634586160142315605,
MAN.4VtGTdtYvF2NwtrgZNYDSPt6eEE74,0,
MAN.4W99YqHx5wuSGEUc4chzKZjos3FWG,33.041773903452898763,
MAN.4WA6AKnsXM5KWEzkdGh4DyQP2vZ6r,56.374342798447835,
MAN.4WMyCAADGvHjgqELfEbVdMMZ4KrsW,10,
MAN.4WaB1v28tHTXc9jThY9br2JgVuRUF,302.562612779,
MAN.4WdWKpUnbzcEt8PxoiQm8o1vq7VJW,535.54149352,
MAN.4WnyT3ikJ9yHnwEKmspFQRv3VuWcK,2200,
MAN.4X7smxWa5V1Qu1foCMjBAsQDEceiC,190.340924999999416201,
MAN.4XDh6uAZmTv5ojPcRR4R2LT2the2F,12650,
MAN.4XExwvBK7BF5AUdqPDiBZmZr2BGg2,29991.998488,
MAN.4XKQJh8QYLMJTTa8jBvuYvMCJy2rR,1,
MAN.4XtKmFYfzjSUvCnhLxbi5wE787Xbu,2.875466,
MAN.4Y1WJbSVJREsLLg4wrPG5rLPJE79Z,171.79,
MAN.4YB9eWTmPAnH139BYi7Ni3NzhVNj2,1,
MAN.4YCq8s8gDXzu2q21gpGon71w2CbCg,267.74380676,
MAN.4YK73yXwfDPuhoYGPEj1KTizHg6uK,56.68259176,
MAN.4YjeQGqTRDDhG5QNen41RMekoGSa5,55503,
MAN.4Ynzhz2b4ztMiLRLcdoBT9Xbi3TpQ,0.0004,
MAN.4Z17o3pMDxbp8YoeYetKixo8Bnidt,0.000000000377395192,
MAN.4Z2VdZnUkGjqjnpJVAjCafuHr2iQh,10,
MAN.4Z6Tpmkoumoba7echeqZZDUizFZS8,85.53012176,
MAN.4ZLuDK3PzGTR9NTTWjQ45wG7awjY3,5.973641224277555122,
MAN.4ZZAgqnMXRRqGocve5yvzz3suXt9m,993.457207502342279849,
MAN.4Zo7CZJ2Q9CKKpDPmRUf7D1BM199A,746.055481106865725521,
